direction,Date,Price,size,structure,carry,managementFee
sell,"Aug 15, 2016",275,1560000,direct,null,null
sell,"Aug 15, 2016",275,1040000,direct,null,null
buy,"Nov 11, 2016",275,15000000,unspecified,null,null
buy,"Jan 8, 2017",301,16500000,unspecified,null,null
sell,"Jan 8, 2017",295,3584000,direct,null,null
sell,"Jan 8, 2017",286.6,6111000,spv,0,0
buy,"Jan 8, 2017",255,200000040,unspecified,null,null
buy,"Jan 8, 2017",245,15000025,unspecified,null,null
sell,"Jan 8, 2017",245,100000000,spv,0,0
buy,"Jan 8, 2017",235,2970000,unspecified,null,null
buy,"Jan 8, 2017",235,1394470,unspecified,null,null
buy,"Jan 8, 2017",235,198000000,unspecified,null,null
buy,"Jan 8, 2017",235,316800,unspecified,null,null
sell,"Jan 8, 2017",205,34000000,spv,0,0
buy,"Jan 12, 2017",255,200000040,unspecified,null,null
buy,"Jan 12, 2017",245,15000025,unspecified,null,null
buy,"Jan 12, 2017",235,198000000,unspecified,null,null
sell,"Jan 14, 2017",253,15000000,spv,0,0
sell,"Jan 14, 2017",245,10000000,spv,0,0
sell,"Jan 14, 2017",245,100000000,spv,0,0
sell,"Jan 14, 2017",243,10000000,spv,0,0
sell,"Jan 14, 2017",207.84,1500005.94,spv,null,null
buy,"Jan 22, 2017",267,25000000,unspecified,null,null
sell,"Jan 23, 2017",245,10000000,spv,0,0
buy,"Jan 25, 2017",299.2,710073.7,unspecified,null,null
sell,"Jan 25, 2017",285,674595,direct,null,null
sell,"Feb 7, 2017",275,25000000,spv,0,0
buy,"Feb 28, 2017",269,3000000,unspecified,null,null
buy,"Mar 14, 2017",275,10000000,unspecified,null,null
buy,"Mar 21, 2017",275,10246210,unspecified,null,null
sell,"Mar 26, 2017",259,20000000,spv,0,0
sell,"May 8, 2017",245,10000000,spv,0,0
buy,"May 10, 2017",269,3000000,unspecified,null,null
sell,"May 12, 2017",275,1040000,direct,null,null
sell,"May 12, 2017",275,25000000,spv,0,0
buy,"May 12, 2017",275,1000000,unspecified,null,null
buy,"May 25, 2017",245,10000000,unspecified,null,null
buy,"Jun 1, 2017",275,6916650,unspecified,null,null
sell,"Jun 1, 2017",267.2,9938823.7,spv,0,0
buy,"Jun 5, 2017",255,10000000,unspecified,null,null
buy,"Jun 30, 2017",387,10000000,unspecified,null,null
sell,"Aug 13, 2017",253,15000000,spv,0,0
sell,"Aug 13, 2017",245,10000000,spv,0,0
sell,"Aug 13, 2017",243,10000000,spv,0,0
buy,"Sep 19, 2017",353,50000000,unspecified,null,null
buy,"Sep 25, 2017",275,10246210,unspecified,null,null
buy,"Sep 25, 2017",275,6916650,unspecified,null,null
buy,"Oct 19, 2017",295,25000000,unspecified,null,null
sell,"Oct 19, 2017",286.6,6111000,spv,0,0
sell,"Oct 24, 2017",385,50000000,spv,15%,1%
buy,"Oct 26, 2017",295,6000000,unspecified,null,null
sell,"Oct 29, 2017",275,1560000,direct,null,null
sell,"Oct 29, 2017",259,20000000,spv,0,0
buy,"Oct 30, 2017",301,16500000,unspecified,null,null
buy,"Oct 30, 2017",299.2,710073.7,unspecified,null,null
buy,"Oct 30, 2017",275,10000000,unspecified,null,null
buy,"Oct 30, 2017",275,15000000,unspecified,null,null
buy,"Oct 30, 2017",275,1000000,unspecified,null,null
buy,"Oct 30, 2017",267,25000000,unspecified,null,null
buy,"Oct 30, 2017",255,10000000,unspecified,null,null
buy,"Oct 30, 2017",245,10000000,unspecified,null,null
buy,"Oct 30, 2017",235,2970000,unspecified,null,null
buy,"Oct 30, 2017",235,1394470,unspecified,null,null
buy,"Oct 30, 2017",235,316800,unspecified,null,null
buy,"Oct 31, 2017",295,25000000,unspecified,null,null
sell,"Oct 31, 2017",285,6000000,spv,0,0
buy,"Nov 3, 2017",295,50000000,unspecified,null,null
sell,"Nov 3, 2017",285,55000000,direct,null,null
sell,"Nov 12, 2017",285,50000000,direct,null,null
sell,"Nov 30, 2017",285,50000000,direct,null,null
buy,"Jan 5, 2018",295,50000000,unspecified,null,null
sell,"Jan 16, 2018",285,6000000,spv,0,0
buy,"Jan 20, 2018",295,50000000,unspecified,null,null
sell,"Jan 25, 2018",385,50000000,spv,10%,2%
sell,"Jan 28, 2018",345,50000000,spv,0,0
sell,"Jan 31, 2018",285,55000000,direct,null,null
buy,"Feb 21, 2018",315,3000000,unspecified,null,null
buy,"Feb 27, 2018",345,20000000,unspecified,null,null
sell,"Mar 17, 2018",353,50000000,spv,20%,2%
buy,"Mar 19, 2018",385,925000,unspecified,null,null
buy,"Mar 21, 2018",359,3000000,unspecified,null,null
sell,"Apr 2, 2018",386.8,30000000,spv,0,0
sell,"Apr 12, 2018",305,50000000,spv,7%,1%
sell,"Apr 15, 2018",305,50000000,spv,7%,1%
sell,"Apr 30, 2018",377,4500000,direct,null,null
buy,"May 3, 2018",295,6000000,unspecified,null,null
sell,"May 14, 2018",385,50000000,spv,15%,1%
sell,"May 15, 2018",386.8,30000000,spv,0,0
sell,"May 17, 2018",393,5000000,spv,0,0
buy,"May 18, 2018",375,20000000,unspecified,null,null
sell,"May 19, 2018",353,50000000,spv,20%,2%
sell,"May 21, 2018",385,50000000,spv,null,null
buy,"Jul 22, 2018",345,20000000,unspecified,null,null
buy,"Aug 12, 2018",387,10000000,unspecified,null,null
buy,"Aug 30, 2018",353,25000000,unspecified,null,null
buy,"Sep 17, 2018",375,25000000,unspecified,null,null
sell,"Sep 23, 2018",455,50000000,spv,10%,1%
sell,"Sep 23, 2018",375,100000000,spv,20%,0
sell,"Sep 27, 2018",345,50000000,spv,0,0
sell,"Oct 8, 2018",393,5000000,spv,0,0
buy,"Oct 24, 2018",375,25000000,unspecified,null,null
sell,"Oct 29, 2018",465,1282500,direct,null,null
buy,"Nov 13, 2018",447,10000000,unspecified,null,null
sell,"Jan 12, 2019",385,50000000,spv,10%,2%
sell,"Jan 12, 2019",377,4500000,direct,null,null
buy,"Jan 12, 2019",375,20000000,unspecified,null,null
buy,"Jan 12, 2019",295,50000000,unspecified,null,null
sell,"Jan 13, 2019",515,1250000,direct,null,null
sell,"Jan 13, 2019",515,2500000,direct,null,null
buy,"Jan 13, 2019",445,5000000,unspecified,null,null
sell,"Jan 13, 2019",375,100000000,spv,20%,0
buy,"Jan 14, 2019",447,10000000,unspecified,null,null
buy,"Jan 14, 2019",385,925000,unspecified,null,null
buy,"Jan 14, 2019",359,3000000,unspecified,null,null
buy,"Jan 14, 2019",315,3000000,unspecified,null,null
buy,"Jan 15, 2019",353,25000000,unspecified,null,null
buy,"Jan 21, 2019",445,7500000,unspecified,null,null
buy,"Mar 26, 2019",445,7500000,unspecified,null,null
sell,"May 6, 2019",515,2500000,direct,null,null
sell,"May 6, 2019",465,1282500,direct,null,null
sell,"May 6, 2019",385,50000000,spv,null,null
buy,"May 22, 2019",375,10000000,unspecified,null,null
buy,"Jun 12, 2019",445,5000000,unspecified,null,null
sell,"Jul 11, 2019",443,8560000,spv,10%,0
sell,"Jul 14, 2019",443,10000000,spv,0,0
buy,"Aug 6, 2019",375,20000000,unspecified,null,null
sell,"Aug 7, 2019",415,20000000,spv,0,0
buy,"Sep 17, 2019",415,20000000,unspecified,null,null
sell,"Oct 1, 2019",443,5000000,spv,0,0
sell,"Oct 8, 2019",455,1000000,spv,0,0
buy,"Nov 13, 2019",431,10000000,unspecified,null,null
sell,"Nov 18, 2019",443,5000000,spv,0,0
sell,"Nov 20, 2019",455,150000000,spv,0,0
buy,"Nov 20, 2019",435,1050000,unspecified,null,null
sell,"Dec 5, 2019",405,19500000,spv,0,0
sell,"Dec 7, 2019",443,10000000,spv,0,0
sell,"Dec 7, 2019",415,20000000,spv,0,0
buy,"Dec 7, 2019",353,50000000,unspecified,null,null
sell,"Dec 10, 2019",439,20000000,direct,null,null
sell,"Jan 16, 2020",405,19500000,spv,0,0
sell,"Jan 19, 2020",477,104999895,spv,0,0
sell,"Jan 21, 2020",455,150000000,spv,0,0
sell,"Jan 21, 2020",439,20000000,direct,null,null
buy,"Feb 2, 2020",435,1050000,unspecified,null,null
buy,"Feb 14, 2020",431,10000000,unspecified,null,null
sell,"Feb 25, 2020",455,80000000,spv,0,0
buy,"Feb 25, 2020",455,2000000,unspecified,null,null
sell,"Feb 25, 2020",455,20000000,spv,0,0
sell,"Feb 25, 2020",395,4940000,spv,0,0
sell,"Mar 11, 2020",487.5,20000000,spv,0,0
buy,"Mar 11, 2020",455,2000000,unspecified,null,null
sell,"Mar 11, 2020",455,20000000,spv,0,0
sell,"Mar 11, 2020",395,4940000,spv,0,0
buy,"Mar 24, 2020",455,15000000,unspecified,null,null
sell,"Apr 1, 2020",477,214883592,spv,0,0
sell,"Apr 1, 2020",465,20000000,spv,10%,0
sell,"Apr 1, 2020",465,5000000,spv,0,0
buy,"Apr 1, 2020",455,2000000,unspecified,null,null
sell,"Apr 4, 2020",449,30000000,spv,0,0
sell,"Apr 7, 2020",455.38,10000000,direct,null,null
buy,"Apr 12, 2020",455,2000000,unspecified,null,null
buy,"Apr 17, 2020",455,15000000,unspecified,null,null
sell,"Apr 21, 2020",451,5000000,spv,0,0
sell,"Apr 27, 2020",455,10000000,spv,0,0
sell,"Apr 27, 2020",443,8560000,spv,10%,0
sell,"Apr 30, 2020",455.38,10000000,direct,null,null
sell,"May 10, 2020",473,100000000,direct,null,null
sell,"May 10, 2020",465,5000000,spv,0,0
sell,"May 11, 2020",515,1250000,direct,null,null
sell,"May 11, 2020",465,5000000,spv,0,0
sell,"May 11, 2020",455,50000000,spv,10%,1%
buy,"May 11, 2020",455,2000000,unspecified,null,null
buy,"May 11, 2020",451,5265572,unspecified,null,null
buy,"May 11, 2020",415,20000000,unspecified,null,null
buy,"May 11, 2020",375,20000000,unspecified,null,null
buy,"May 11, 2020",375,10000000,unspecified,null,null
sell,"May 31, 2020",477,104999895,spv,0,0
sell,"May 31, 2020",455,1000000,spv,0,0
sell,"May 31, 2020",455,80000000,spv,0,0
buy,"Jun 1, 2020",null,1000000,unspecified,null,null
sell,"Jun 4, 2020",545,30000000,spv,0,0
sell,"Jun 4, 2020",487.5,20000000,spv,0,0
sell,"Jun 4, 2020",465,20000000,spv,10%,0
buy,"Jun 7, 2020",473,5000000,unspecified,null,null
buy,"Jun 7, 2020",455,5000000,unspecified,null,null
buy,"Jun 7, 2020",449,5000000,unspecified,null,null
buy,"Jun 10, 2020",475,4000000,unspecified,null,null
buy,"Jun 12, 2020",495,100000000,unspecified,null,null
sell,"Jun 15, 2020",495,3600000,spv,0,0
sell,"Jun 17, 2020",505,1225000,spv,0,0
buy,"Jun 17, 2020",485,110000000,unspecified,null,null
sell,"Jun 17, 2020",451,5000000,spv,0,0
sell,"Jun 17, 2020",449,30000000,spv,0,0
sell,"Jun 18, 2020",455,10000000,spv,0,0
buy,"Jun 19, 2020",485,2800000,unspecified,null,null
buy,"Jun 19, 2020",465,20000000,unspecified,null,null
buy,"Jun 21, 2020",495,100000,unspecified,null,null
buy,"Jun 21, 2020",485,1000000,unspecified,null,null
sell,"Jun 22, 2020",485,5000000,spv,0,0
sell,"Jun 23, 2020",477,214883592,spv,0,0
buy,"Jun 23, 2020",475,5208111.6,unspecified,null,null
buy,"Jun 28, 2020",515,5000000,unspecified,null,null
buy,"Jun 28, 2020",495,2000000,unspecified,null,null
buy,"Jun 28, 2020",495,5000000,unspecified,null,null
sell,"Jun 28, 2020",473,100000000,direct,null,null
buy,"Jun 28, 2020",467,100000000,unspecified,null,null
buy,"Jun 29, 2020",465,100000000,unspecified,null,null
sell,"Jul 5, 2020",495,15000000,direct,null,null
buy,"Jul 6, 2020",495,3000000,unspecified,null,null
sell,"Jul 14, 2020",465,5000000,spv,0,0
buy,"Jul 17, 2020",455,5000000,unspecified,null,null
buy,"Jul 19, 2020",null,1315550.15,unspecified,null,null
sell,"Jul 19, 2020",569,100000000,spv,0,0
buy,"Jul 19, 2020",451,5265572,unspecified,null,null
sell,"Jul 21, 2020",555,82000000,spv,15%,1%
sell,"Jul 25, 2020",555,100000000,spv,0,0
sell,"Jul 28, 2020",555,10000000,spv,0,0
sell,"Jul 30, 2020",569,100000000,spv,0,0
sell,"Jul 30, 2020",555,82000000,spv,15%,1%
sell,"Jul 30, 2020",555,100000000,spv,0,0
buy,"Jul 30, 2020",525,10000000,unspecified,null,null
sell,"Jul 30, 2020",485,5000000,spv,0,0
buy,"Aug 6, 2020",null,150000000,unspecified,null,null
sell,"Aug 6, 2020",555,702000,forward,null,null
sell,"Aug 15, 2020",555,10000000,spv,0,0
sell,"Aug 15, 2020",505,1225000,spv,0,0
buy,"Aug 15, 2020",455,2000000,unspecified,null,null
sell,"Aug 16, 2020",555,100000000,spv,20%,0
buy,"Aug 16, 2020",475,5208111.6,unspecified,null,null
buy,"Aug 19, 2020",589,25000000,unspecified,null,null
sell,"Aug 25, 2020",595,200000000,spv,10%,1%
sell,"Aug 27, 2020",599,5500000,spv,15%,1.75%
buy,"Aug 30, 2020",615,20000000,unspecified,null,null
buy,"Aug 30, 2020",525,10000000,unspecified,null,null
buy,"Aug 30, 2020",515,5000000,unspecified,null,null
buy,"Aug 30, 2020",495,2000000,unspecified,null,null
buy,"Aug 30, 2020",495,5000000,unspecified,null,null
buy,"Aug 30, 2020",467,100000000,unspecified,null,null
sell,"Aug 31, 2020",615,864000,spv,0,0
buy,"Aug 31, 2020",615,100000000,unspecified,null,null
buy,"Sep 1, 2020",585,25000000,unspecified,null,null
sell,"Sep 1, 2020",555,100000000,spv,20%,0
sell,"Sep 2, 2020",571,200000000,spv,15%,0
sell,"Sep 6, 2020",569,20000000,spv,15%,1.25%
sell,"Sep 6, 2020",495,3600000,spv,0,0
buy,"Sep 7, 2020",605,17000000,unspecified,null,null
sell,"Sep 8, 2020",585,150000000,spv,10%,1%
sell,"Sep 10, 2020",585,20000000,spv,13%,1%
sell,"Sep 10, 2020",569,20000000,spv,15%,1.25%
sell,"Sep 10, 2020",545,30000000,spv,0,0
buy,"Sep 10, 2020",495,100000000,unspecified,null,null
buy,"Sep 12, 2020",625,20000000,unspecified,null,null
buy,"Sep 12, 2020",615,2500000,unspecified,null,null
buy,"Sep 12, 2020",605,200000,unspecified,null,null
buy,"Sep 12, 2020",605,1000000,unspecified,null,null
buy,"Sep 12, 2020",605,10000000,unspecified,null,null
buy,"Sep 12, 2020",595,50000000,unspecified,null,null
buy,"Sep 12, 2020",583,30000000,unspecified,null,null
buy,"Sep 12, 2020",565,1000000,unspecified,null,null
buy,"Sep 12, 2020",495,100000,unspecified,null,null
buy,"Sep 12, 2020",495,3000000,unspecified,null,null
buy,"Sep 12, 2020",485,1000000,unspecified,null,null
buy,"Sep 12, 2020",485,2800000,unspecified,null,null
buy,"Sep 12, 2020",485,110000000,unspecified,null,null
buy,"Sep 12, 2020",475,4000000,unspecified,null,null
buy,"Sep 12, 2020",473,5000000,unspecified,null,null
buy,"Sep 12, 2020",465,100000000,unspecified,null,null
buy,"Sep 12, 2020",465,20000000,unspecified,null,null
buy,"Sep 12, 2020",449,5000000,unspecified,null,null
sell,"Sep 13, 2020",665,30000000,spv,0,0
sell,"Sep 13, 2020",635,18000000,spv,10%,0
buy,"Sep 13, 2020",624,40000000,unspecified,null,null
buy,"Sep 13, 2020",618.2,1249978,unspecified,null,null
buy,"Sep 13, 2020",615,1050000,unspecified,null,null
buy,"Sep 13, 2020",589.1,1315550.15,unspecified,null,null
buy,"Sep 13, 2020",585,25000000,unspecified,null,null
buy,"Sep 14, 2020",589,25000000,unspecified,null,null
sell,"Sep 14, 2020",555,20000000,spv,10%,2%
buy,"Sep 15, 2020",635,10000000,unspecified,null,null
buy,"Sep 15, 2020",605,7000000,unspecified,null,null
sell,"Sep 15, 2020",565,20000000,spv,10%,1%
sell,"Sep 18, 2020",565,80000000,spv,20%,2%
buy,"Sep 22, 2020",615,20000000,unspecified,null,null
buy,"Sep 26, 2020",633,3000000,unspecified,null,null
sell,"Sep 26, 2020",633,15000000,spv,20%,0
buy,"Oct 4, 2020",624,40000000,unspecified,null,null
buy,"Oct 4, 2020",585,1000000,unspecified,null,null
sell,"Oct 4, 2020",571,200000000,spv,15%,0
sell,"Oct 6, 2020",555,30000000,spv,20%,2%
sell,"Oct 11, 2020",null,15000000,direct,null,null
buy,"Oct 11, 2020",655,15000000,unspecified,null,null
sell,"Oct 11, 2020",633,15000000,spv,20%,0
sell,"Oct 11, 2020",595,200000000,spv,10%,1%
sell,"Oct 11, 2020",565,80000000,spv,20%,2%
sell,"Oct 11, 2020",555,20000000,spv,10%,2%
buy,"Oct 12, 2020",615,100000000,unspecified,null,null
buy,"Oct 12, 2020",615,35000000,unspecified,null,null
sell,"Oct 12, 2020",589,5000000,spv,20%,0
sell,"Oct 12, 2020",585,150000000,spv,10%,1%
sell,"Oct 12, 2020",585,20000000,spv,13%,1%
sell,"Oct 12, 2020",585,20000000,spv,17.50%,0
sell,"Oct 12, 2020",565,20000000,spv,10%,1%
sell,"Oct 18, 2020",585,30000000,spv,15%,1%
sell,"Oct 23, 2020",555,100000000,spv,10%,1%
buy,"Oct 25, 2020",595,40000000,unspecified,null,null
buy,"Oct 31, 2020",null,15000000,unspecified,null,null
buy,"Nov 1, 2020",595,50000000,unspecified,null,null
buy,"Nov 1, 2020",571,20000000,unspecified,null,null
sell,"Nov 10, 2020",585,20000000,spv,17.50%,0
sell,"Nov 11, 2020",null,100000000,spv,10%,1%
sell,"Nov 11, 2020",575,100000000,spv,10%,1%
sell,"Nov 14, 2020",null,702000,forward,null,null
buy,"Nov 15, 2020",618.2,1249978,unspecified,null,null
buy,"Nov 15, 2020",615,1050000,unspecified,null,null
sell,"Nov 15, 2020",605,20000000,spv,10%,1%
sell,"Nov 16, 2020",657,100000000,spv,10%,1%
sell,"Nov 16, 2020",635,20000000,spv,10%,1%
sell,"Nov 16, 2020",635,18000000,spv,10%,0
sell,"Nov 16, 2020",597,38000000,spv,20%,2%
sell,"Nov 16, 2020",589,5000000,spv,20%,0
sell,"Nov 16, 2020",585,30000000,spv,15%,1%
buy,"Nov 22, 2020",690,2000000,unspecified,null,null
sell,"Nov 23, 2020",645,35000000,spv,15%,1.50%
buy,"Nov 23, 2020",633,3000000,unspecified,null,null
buy,"Nov 23, 2020",595,30000000,unspecified,null,null
sell,"Nov 30, 2020",600,50000000,spv,20%,2%
sell,"Dec 3, 2020",null,38000000,spv,20%,2%
sell,"Dec 3, 2020",null,100000000,spv,10%,1%
sell,"Dec 3, 2020",657,100000000,spv,10%,1%
sell,"Dec 4, 2020",665,30000000,spv,0,0
buy,"Dec 4, 2020",635,10000000,unspecified,null,null
buy,"Dec 4, 2020",625,20000000,unspecified,null,null
buy,"Dec 4, 2020",615,20000000,unspecified,null,null
buy,"Dec 4, 2020",615,2500000,unspecified,null,null
buy,"Dec 4, 2020",615,20000000,unspecified,null,null
buy,"Dec 4, 2020",605,17000000,unspecified,null,null
buy,"Dec 4, 2020",605,200000,unspecified,null,null
buy,"Dec 4, 2020",605,1000000,unspecified,null,null
buy,"Dec 4, 2020",605,50000000,unspecified,null,null
buy,"Dec 4, 2020",605,7000000,unspecified,null,null
buy,"Dec 4, 2020",605,10000000,unspecified,null,null
buy,"Dec 4, 2020",583,30000000,unspecified,null,null
buy,"Dec 4, 2020",565,1000000,unspecified,null,null
buy,"Dec 9, 2020",685,30000000,unspecified,null,null
sell,"Dec 9, 2020",645,35000000,spv,15%,1.50%
sell,"Dec 15, 2020",null,30000000,spv,20%,2%
sell,"Dec 15, 2020",635,20000000,spv,10%,1%
sell,"Dec 15, 2020",635,20000000,spv,10%,1%
buy,"Dec 20, 2020",665,20000000,unspecified,null,null
buy,"Dec 22, 2020",690,2000000,unspecified,null,null
buy,"Dec 22, 2020",655,15000000,unspecified,null,null
buy,"Dec 22, 2020",615,99990000,unspecified,null,null
sell,"Dec 27, 2020",null,20000000,spv,10%,1%
sell,"Dec 27, 2020",null,50000000,spv,20%,2%
sell,"Dec 27, 2020",null,20000000,spv,10%,1%
buy,"Dec 27, 2020",665,12000000,unspecified,null,null
buy,"Dec 27, 2020",655,15000000,unspecified,null,null
buy,"Dec 27, 2020",615,35000000,unspecified,null,null
sell,"Jan 3, 2021",655,40000000,spv,20%,0
sell,"Jan 5, 2021",755,40000000,spv,20%,0
buy,"Jan 5, 2021",725.4,40000000,unspecified,null,null
buy,"Jan 10, 2021",null,15000000,unspecified,null,null
buy,"Jan 10, 2021",695,50000000,unspecified,null,null
buy,"Jan 10, 2021",655,30000000,unspecified,null,null
buy,"Jan 10, 2021",595,30000000,unspecified,null,null
buy,"Jan 11, 2021",675,100000000,unspecified,null,null
sell,"Jan 12, 2021",690,150000000,spv,20%,1%
buy,"Jan 17, 2021",615,99990000,unspecified,null,null
sell,"Feb 7, 2021",855,50000000,spv,20%,1%
buy,"Feb 11, 2021",675,30000000,unspecified,null,null
buy,"Feb 11, 2021",655,30000000,unspecified,null,null
buy,"Feb 14, 2021",null,20000000,unspecified,null,null
sell,"Feb 14, 2021",null,864000,spv,0,0
sell,"Feb 14, 2021",null,40000000,spv,20%,0
sell,"Feb 14, 2021",null,150000000,spv,20%,1%
sell,"Feb 14, 2021",755,40000000,spv,20%,0
buy,"Feb 14, 2021",685,150000000,unspecified,null,null
buy,"Feb 14, 2021",595,40000000,unspecified,null,null
buy,"Feb 16, 2021",715,15000000,unspecified,null,null
sell,"Feb 23, 2021",855,20000000,spv,20%,1%
buy,"Feb 24, 2021",854.98,20000000,unspecified,null,null
sell,"Mar 4, 2021",855,20000000,spv,25%,2%
buy,"Mar 9, 2021",915,30000000,unspecified,null,null
buy,"Mar 9, 2021",715,15000000,unspecified,null,null
buy,"Mar 9, 2021",675,30000000,unspecified,null,null
buy,"Mar 13, 2021",null,50000000,unspecified,null,null
buy,"Mar 13, 2021",685,30000000,unspecified,null,null
buy,"Mar 13, 2021",665,20000000,unspecified,null,null
buy,"Mar 13, 2021",665,12000000,unspecified,null,null
buy,"Mar 13, 2021",655,15000000,unspecified,null,null
sell,"Mar 16, 2021",855,20000000,spv,25%,2%
sell,"Mar 19, 2021",954.78,120000000,spv,15%,1%
buy,"Apr 25, 2021",725.4,40000000,unspecified,null,null
buy,"Apr 25, 2021",695,50000000,unspecified,null,null
buy,"Apr 25, 2021",675,100000000,unspecified,null,null
sell,"May 2, 2021",855,20000000,spv,20%,1%
buy,"May 2, 2021",854.98,20000000,unspecified,null,null
buy,"May 11, 2021",1115,30000000,unspecified,null,null
buy,"May 15, 2021",915,30000000,unspecified,null,null
buy,"May 15, 2021",915,30000000,unspecified,null,null
sell,"May 20, 2021",1211.46,50000000,spv,20%,0
sell,"May 20, 2021",1199.5,50000000,spv,20%,0
sell,"May 20, 2021",1115,10000000,spv,20%,2%
sell,"May 20, 2021",1115,10000000,spv,20%,2%
sell,"May 23, 2021",null,7000000,spv,20%,2%
sell,"May 23, 2021",1315,40000000,spv,20%,0
sell,"May 24, 2021",1265,20000000,spv,20%,0
buy,"May 26, 2021",null,10000000,unspecified,null,null
sell,"May 30, 2021",1062.9,170000000,spv,20%,0
sell,"Jun 1, 2021",1225,3000000,spv,20%,0
sell,"Jun 1, 2021",1115,50000000,spv,20%,2%
sell,"Jun 3, 2021",1211,50000000,spv,20%,0
sell,"Jun 3, 2021",1199,30000000,spv,20%,2%
sell,"Jun 3, 2021",1115,50000000,spv,20%,2%
sell,"Jun 4, 2021",1199.5,50000000,spv,20%,0
sell,"Jun 4, 2021",1199.5,50000000,spv,20%,0
sell,"Jun 4, 2021",1115,10000000,spv,20%,2%
sell,"Jun 4, 2021",1115,100000000,spv,20%,2%
sell,"Jun 4, 2021",954.78,120000000,spv,15%,1%
sell,"Jun 10, 2021",1055,20000000,spv,20%,2%
sell,"Jun 12, 2021",1062.9,170000000,spv,20%,0
sell,"Jun 16, 2021",1135,5000000,spv,20%,0
sell,"Jun 17, 2021",1065,50000000,spv,20%,2%
sell,"Jun 18, 2021",1199.5,50000000,spv,20%,0
sell,"Jun 18, 2021",1199.5,50000000,spv,20%,0
sell,"Jun 18, 2021",1105,5000000,spv,20%,0
sell,"Jun 19, 2021",975,50000000,spv,20%,null
sell,"Jun 21, 2021",855,50000000,spv,20%,1%
buy,"Jun 23, 2021",1315,5000000,unspecified,null,null
sell,"Jun 24, 2021",1105,5000000,spv,20%,0
sell,"Jun 28, 2021",1085,5000000,spv,20%,0
sell,"Jun 29, 2021",null,30000000,spv,25%,2%
buy,"Jun 29, 2021",1315,5000000,unspecified,null,null
sell,"Jun 29, 2021",1085,20000000,spv,20%,0
buy,"Jul 5, 2021",null,10000000,unspecified,null,null
sell,"Jul 5, 2021",1185,8000000,spv,20%,0
sell,"Jul 23, 2021",null,100000000,spv,20%,2%
sell,"Jul 25, 2021",null,200000000,spv,20%,2%
sell,"Jul 26, 2021",1035,20000000,spv,20%,1%
sell,"Aug 3, 2021",1065,20000000,spv,20%,null
sell,"Aug 4, 2021",1265,20000000,spv,20%,0
sell,"Aug 4, 2021",1211.46,50000000,spv,20%,0
buy,"Aug 6, 2021",1115,30000000,unspecified,null,null
sell,"Aug 6, 2021",1065,20000000,spv,20%,1%
buy,"Aug 6, 2021",915,30000000,unspecified,null,null
sell,"Aug 8, 2021",1185,8000000,spv,20%,0
sell,"Aug 8, 2021",1085,5000000,spv,20%,0
sell,"Aug 8, 2021",1055,30000000,spv,25%,2.50%
sell,"Aug 10, 2021",1065,10000000,spv,25%,2.50%
sell,"Aug 10, 2021",908.62,100000000,spv,20%,2%
sell,"Aug 11, 2021",1135,5000000,spv,20%,1%
sell,"Aug 12, 2021",915,200000000,spv,20%,2%
buy,"Aug 13, 2021",943,2000000,unspecified,null,null
sell,"Aug 16, 2021",1185,10000000,spv,20%,0
sell,"Aug 17, 2021",915,200000000,spv,20%,2%
sell,"Aug 23, 2021",915,200000000,spv,20%,2%
sell,"Aug 29, 2021",1107,25000000,spv,20%,null
buy,"Aug 29, 2021",1065,5000000,spv,20%,null
sell,"Aug 31, 2021",1032.6,20000000,spv,20%,2%
buy,"Sep 1, 2021",1015,15000000,spv,20%,null
sell,"Sep 4, 2021",1225,3000000,spv,20%,0
sell,"Sep 4, 2021",1211,50000000,spv,20%,0
sell,"Sep 4, 2021",1199.5,50000000,spv,20%,0
sell,"Sep 4, 2021",1199,30000000,spv,20%,2%
sell,"Sep 4, 2021",1135,5000000,spv,20%,0
sell,"Sep 4, 2021",1115,100000000,spv,20%,2%
sell,"Sep 4, 2021",1085,20000000,spv,20%,0
sell,"Sep 4, 2021",1065,50000000,spv,20%,2%
sell,"Sep 4, 2021",1055,20000000,spv,20%,2%
sell,"Sep 4, 2021",855,30000000,spv,25%,2%
buy,"Sep 5, 2021",1165,10000000,unspecified,null,null
sell,"Sep 5, 2021",1013,5000000,spv,17.50%,0
sell,"Sep 7, 2021",1225,5000000,spv,20%,0
sell,"Sep 7, 2021",1135,60000000,spv,0,0
sell,"Sep 7, 2021",1115,10000000,spv,25%,2.50%
sell,"Sep 7, 2021",1035,20000000,spv,20%,1%
sell,"Sep 8, 2021",1085,10000000,spv,20%,2%
sell,"Sep 9, 2021",1175,32000000,spv,0,0
sell,"Sep 12, 2021",1085,10000000,spv,20%,0
sell,"Sep 17, 2021",1055,6000000,spv,17.50%,0
buy,"Sep 21, 2021",1015,5000000,unspecified,null,null
sell,"Sep 22, 2021",1115,10000000,spv,20%,null
sell,"Sep 23, 2021",1205,2000000,spv,25%,2%
sell,"Sep 26, 2021",855,10000000,spv,0,0
sell,"Sep 29, 2021",1135,100000000,spv,20%,null
buy,"Oct 2, 2021",1215,10000000,unspecified,null,null
buy,"Oct 2, 2021",943,2000000,unspecified,null,null
buy,"Oct 9, 2021",1065,10000000,direct,null,null
buy,"Oct 9, 2021",1065,10000000,spv,10%,null
sell,"Oct 11, 2021",1013,5000000,spv,17.50%,0
sell,"Oct 11, 2021",855,10000000,spv,0,0
sell,"Oct 12, 2021",1193.96,7000000,spv,20%,1%
sell,"Oct 17, 2021",1135,1000000,spv,20%,null
sell,"Oct 17, 2021",1032.6,20000000,spv,20%,2%
sell,"Oct 22, 2021",1135,5000000,spv,20%,1%
sell,"Oct 23, 2021",1195,10000000,spv,20%,2%
sell,"Oct 23, 2021",1135,60000000,spv,0,0
sell,"Oct 23, 2021",1055,6000000,spv,17.50%,0
buy,"Oct 25, 2021",1135,500000,unspecified,null,null
sell,"Oct 28, 2021",1275,10000000,spv,20%,2%
buy,"Oct 28, 2021",1191,4000000,unspecified,null,null
buy,"Oct 30, 2021",1195,2000000,unspecified,null,null
sell,"Oct 30, 2021",1193.96,7000000,spv,20%,1%
sell,"Oct 30, 2021",1146.2,15000000,spv,20%,2%
sell,"Oct 31, 2021",1195,10000000,spv,20%,2%
sell,"Oct 31, 2021",1185,10000000,spv,20%,0
sell,"Oct 31, 2021",1065,10000000,spv,25%,2.50%
sell,"Oct 31, 2021",1065,20000000,spv,20%,1%
sell,"Oct 31, 2021",1055,30000000,spv,25%,2.50%
sell,"Nov 2, 2021",1365,10000000,spv,20%,1%
sell,"Nov 2, 2021",1135,20000000,spv,20%,2.25%
buy,"Nov 8, 2021",1194,100000000,unspecified,null,null
sell,"Nov 10, 2021",1275,10000000,spv,20%,2%
sell,"Nov 10, 2021",1175,32000000,spv,0,0
buy,"Nov 15, 2021",1135,20000000,spv,20%,null
buy,"Nov 16, 2021",1135,25000000,unspecified,null,null
sell,"Nov 21, 2021",1191,12000000,spv,20%,1.25%
buy,"Nov 22, 2021",1135,10000000,unspecified,null,null
sell,"Nov 29, 2021",1146.2,15000000,spv,20%,2%
sell,"Nov 29, 2021",1145,10000000,spv,25%,2%
sell,"Nov 29, 2021",1135,20000000,spv,20%,2.25%
sell,"Dec 5, 2021",1225,5000000,spv,20%,0
sell,"Dec 5, 2021",1205,2000000,spv,25%,2%
sell,"Dec 5, 2021",1115,10000000,spv,25%,2.50%
sell,"Dec 5, 2021",1085,10000000,spv,20%,0
sell,"Dec 5, 2021",1085,10000000,spv,20%,2%
sell,"Dec 6, 2021",1335,5000000,spv,25%,0
sell,"Dec 6, 2021",1135,50000000,spv,20%,1.25%
sell,"Dec 6, 2021",1095,7000000,spv,0,null
buy,"Dec 6, 2021",1015,5000000,unspecified,null,null
buy,"Dec 21, 2021",1215,6000000,unspecified,null,null
buy,"Dec 21, 2021",1215,5000000,unspecified,null,null
sell,"Dec 30, 2021",null,10000000,spv,25%,2%
sell,"Dec 30, 2021",null,2025000,spv,10%,2%
buy,"Jan 3, 2022",null,6000000,unspecified,null,null
buy,"Jan 10, 2022",null,2000000,unspecified,null,null
sell,"Jan 16, 2022",null,10000000,spv,20%,0
buy,"Jan 18, 2022",145,1000000,unspecified,null,null
sell,"Jan 19, 2022",138,20000000,spv,20%,1%
sell,"Feb 6, 2022",null,10000000,spv,20%,1%
sell,"Feb 6, 2022",null,12000000,spv,20%,1.25%
buy,"Feb 7, 2022",null,4000000,unspecified,null,null
buy,"Feb 7, 2022",null,2000000,unspecified,null,null
buy,"Feb 7, 2022",null,25000000,unspecified,null,null
buy,"Feb 7, 2022",null,10000000,unspecified,null,null
buy,"Feb 7, 2022",null,100000000,unspecified,null,null
buy,"Feb 7, 2022",null,500000,unspecified,null,null
sell,"Feb 9, 2022",140.19,10000000,spv,20%,0
sell,"Feb 13, 2022",139,3000000,spv,20%,1%
sell,"Feb 13, 2022",138,5000000,spv,20%,1%
sell,"Feb 20, 2022",138,5000000,spv,20%,1%
sell,"Feb 21, 2022",142.2,3000000,spv,25%,1%
sell,"Feb 23, 2022",139,5000000,spv,20%,1%
buy,"Feb 23, 2022",131,2000000,unspecified,null,null
sell,"Feb 25, 2022",null,10000000,spv,20%,2%
sell,"Feb 25, 2022",141,3000000,spv,25%,1%
sell,"Feb 25, 2022",135,20000000,spv,20%,2%
sell,"Feb 26, 2022",185,10000000,unspecified,null,null
sell,"Mar 2, 2022",145,20000000,spv,17.50%,null
buy,"Mar 3, 2022",null,5000000,unspecified,null,null
buy,"Mar 3, 2022",130,25000000,unspecified,null,null
sell,"Mar 6, 2022",null,50000000,spv,20%,2%
sell,"Mar 7, 2022",null,20000000,spv,20%,2%
sell,"Mar 8, 2022",127,10000000,spv,20%,2%
sell,"Mar 8, 2022",127,25000000,spv,20%,null
sell,"Mar 13, 2022",185,3000000,unspecified,null,null
buy,"Mar 13, 2022",125,2000000,unspecified,null,null
sell,"Mar 18, 2022",null,5000000,spv,25%,0
sell,"Mar 18, 2022",null,50000000,spv,20%,1.25%
sell,"Mar 18, 2022",150,2025000,spv,10%,2%
buy,"Mar 18, 2022",127,106000000,unspecified,null,null
sell,"Mar 21, 2022",131,50000000,spv,20%,2%
sell,"Mar 21, 2022",127,20000000,spv,20%,2%
sell,"Mar 27, 2022",157,50000000,spv,20%,2%
sell,"Mar 28, 2022",145,30000000,spv,20%,2%
buy,"Mar 30, 2022",135,3200000,unspecified,null,null
sell,"Mar 31, 2022",135,20000000,spv,20%,2%
sell,"Mar 31, 2022",133,2500000,spv,25%,2%
buy,"Apr 1, 2022",145,1000000,unspecified,null,null
sell,"Apr 5, 2022",145,10000000,spv,20%,2%
sell,"Apr 9, 2022",138,20000000,spv,20%,1%
buy,"Apr 10, 2022",143,20000000,unspecified,null,null
sell,"Apr 11, 2022",185,2975000,direct,null,null
sell,"Apr 11, 2022",145,25000000,spv,20%,2%
sell,"Apr 11, 2022",140.68,11000000,spv,17.50%,2%
sell,"Apr 11, 2022",138,5000000,spv,20%,1%
sell,"Apr 11, 2022",138,5000000,spv,20%,1%
sell,"Apr 12, 2022",158,10000000,spv,20%,2%
sell,"Apr 20, 2022",146.72,25000000,spv,20%,2%
sell,"Apr 22, 2022",150,10000000,spv,20%,2%
sell,"Apr 23, 2022",161.3,7900000,spv,20%,0
buy,"Apr 26, 2022",null,10000000,unspecified,null,null
sell,"Apr 26, 2022",159,2000000,spv,20%,2%
sell,"Apr 27, 2022",204,6000000,spv,0,null
buy,"Apr 29, 2022",131,2000000,unspecified,null,null
sell,"Apr 30, 2022",142.2,3000000,spv,25%,1%
sell,"Apr 30, 2022",141,3000000,spv,25%,1%
sell,"Apr 30, 2022",139,3000000,spv,20%,1%
sell,"Apr 30, 2022",139,5000000,spv,20%,1%
buy,"May 2, 2022",153,20000000,unspecified,null,null
sell,"May 11, 2022",155,4000000,spv,10%,1%
sell,"May 11, 2022",146.72,25000000,spv,20%,2%
sell,"May 12, 2022",137,5000000,spv,20%,2%
sell,"May 16, 2022",null,4000000,unspecified,null,null
sell,"May 16, 2022",167,4000000,spv,10%,0
sell,"May 16, 2022",133,2000000,spv,25%,2%
sell,"May 17, 2022",153,4000000,spv,20%,1%
sell,"May 20, 2022",153,4000000,spv,20%,1%
sell,"May 21, 2022",144,5000000,spv,17.50%,2%
sell,"May 24, 2022",162,25000000,unspecified,null,null
sell,"May 29, 2022",167,3500000,spv,15%,0
sell,"Jun 2, 2022",155,5000000,spv,20%,1%
sell,"Jun 5, 2022",157,50000000,spv,20%,2%
sell,"Jun 5, 2022",155,10000000,spv,10%,1%
sell,"Jun 5, 2022",145,30000000,spv,20%,2%
sell,"Jun 6, 2022",null,20000000,unspecified,null,null
buy,"Jun 11, 2022",155,5000000,spv,0,null
sell,"Jun 12, 2022",169.6,5000000,spv,0,0
sell,"Jun 14, 2022",173,50000000,spv,0,0
sell,"Jun 14, 2022",145,1000000,spv,null,null
sell,"Jun 15, 2022",165.16,100000000,spv,7%,0
sell,"Jun 16, 2022",165,20000000,spv,5%,1%
sell,"Jun 16, 2022",160.84,20000000,spv,5%,1%
sell,"Jun 20, 2022",155,5000000,spv,5%,1%
sell,"Jun 21, 2022",165,80000000,spv,0,0
sell,"Jun 23, 2022",169,10000000,spv,0,null
sell,"Jun 23, 2022",138.9,45000000,spv,25%,0
sell,"Jun 26, 2022",167,20000000,unspecified,null,null
sell,"Jun 26, 2022",155,20000000,unspecified,null,null
sell,"Jun 26, 2022",155,100000000,unspecified,null,null
sell,"Jun 27, 2022",165,80000000,spv,0,0
buy,"Jun 28, 2022",137,999973,unspecified,null,null
sell,"Jul 1, 2022",138.9,45000000,spv,25%,0
sell,"Jul 3, 2022",null,2500000,spv,25%,2%
sell,"Jul 3, 2022",185,2975000,direct,null,null
sell,"Jul 3, 2022",165.16,100000000,spv,7%,0
sell,"Jul 3, 2022",161.3,7900000,spv,20%,0
sell,"Jul 3, 2022",159,2000000,spv,20%,2%
sell,"Jul 3, 2022",158,10000000,spv,20%,2%
sell,"Jul 3, 2022",155,150000000,spv,10%,0
sell,"Jul 3, 2022",153,4000000,spv,20%,1%
sell,"Jul 3, 2022",150,10000000,spv,20%,2%
sell,"Jul 3, 2022",145,10000000,spv,20%,2%
sell,"Jul 3, 2022",145,25000000,spv,20%,2%
buy,"Jul 3, 2022",143,20000000,unspecified,null,null
sell,"Jul 3, 2022",140.68,11000000,spv,17.50%,2%
sell,"Jul 3, 2022",138.9,45000000,spv,25%,0
buy,"Jul 3, 2022",135,3200000,unspecified,null,null
buy,"Jul 3, 2022",127,106000000,unspecified,null,null
buy,"Jul 5, 2022",155,10000000,unspecified,null,null
sell,"Jul 18, 2022",155,20000000,spv,20%,1%
sell,"Jul 19, 2022",145,2000000,spv,0,null
sell,"Jul 21, 2022",151,1040400,spv,20%,2%
sell,"Jul 21, 2022",145,650000,spv,20%,1%
buy,"Jul 26, 2022",148,10000000,unspecified,null,null
sell,"Aug 5, 2022",null,5000000,spv,20%,2%
sell,"Aug 5, 2022",173,50000000,spv,0,0
sell,"Aug 5, 2022",169.6,5000000,spv,0,0
sell,"Aug 5, 2022",169,20000000,spv,0,0
sell,"Aug 5, 2022",167,4000000,spv,10%,0
sell,"Aug 5, 2022",167,3500000,spv,15%,0
sell,"Aug 5, 2022",165,20000000,spv,5%,1%
sell,"Aug 5, 2022",160.84,20000000,spv,5%,1%
sell,"Aug 5, 2022",155,5000000,spv,5%,1%
sell,"Aug 5, 2022",155,4000000,spv,10%,1%
sell,"Aug 5, 2022",155,5000000,spv,20%,1%
sell,"Aug 5, 2022",155,10000000,spv,10%,1%
sell,"Aug 5, 2022",153,10000000,spv,10%,0
sell,"Aug 5, 2022",153,4000000,spv,20%,1%
buy,"Aug 5, 2022",153,20000000,unspecified,null,null
sell,"Aug 5, 2022",144,5000000,spv,17.50%,2%
buy,"Aug 5, 2022",137,999973,unspecified,null,null
sell,"Aug 5, 2022",133,2000000,spv,25%,2%
buy,"Aug 5, 2022",130,25000000,unspecified,null,null
buy,"Aug 7, 2022",145,20000000,unspecified,null,null
sell,"Aug 9, 2022",155,20000000,spv,10%,0
buy,"Aug 11, 2022",161,10000000,unspecified,null,null
buy,"Aug 15, 2022",155,20000000,unspecified,null,null
sell,"Aug 16, 2022",153,10000000,spv,10%,0
buy,"Aug 21, 2022",167,2000000,unspecified,null,null
buy,"Aug 24, 2022",145,650000,unspecified,null,null
buy,"Aug 25, 2022",160.3,1500000,unspecified,null,null
sell,"Aug 25, 2022",145,650000,spv,20%,1%
sell,"Aug 25, 2022",138.9,45000000,spv,25%,0
sell,"Aug 28, 2022",155,20000000,spv,10%,0
buy,"Aug 29, 2022",165,2000000,unspecified,null,null
sell,"Aug 29, 2022",162,20000000,unspecified,null,null
buy,"Aug 31, 2022",163,5000000,unspecified,null,null
buy,"Aug 31, 2022",151,10000000,unspecified,null,null
buy,"Sep 5, 2022",155,500000,unspecified,null,null
buy,"Sep 5, 2022",155,500000,unspecified,null,null
buy,"Sep 5, 2022",155,500000,unspecified,null,null
sell,"Sep 8, 2022",163,528582,spv,10%,0
sell,"Sep 9, 2022",173,50000000,spv,0,0
sell,"Sep 9, 2022",169.6,5000000,spv,0,0
sell,"Sep 9, 2022",165,20000000,spv,5%,1%
sell,"Sep 9, 2022",165,80000000,spv,0,0
sell,"Sep 9, 2022",160.84,20000000,spv,5%,1%
sell,"Sep 9, 2022",155,5000000,spv,5%,1%
sell,"Sep 9, 2022",155,20000000,spv,20%,1%
sell,"Sep 9, 2022",155,5000000,spv,20%,1%
sell,"Sep 9, 2022",155,10000000,spv,10%,1%
sell,"Sep 9, 2022",155,150000000,spv,10%,0
sell,"Sep 9, 2022",151,1040400,spv,20%,2%
buy,"Sep 9, 2022",148,10000000,unspecified,null,null
sell,"Sep 9, 2022",145,650000,spv,20%,1%
sell,"Sep 9, 2022",145,1000000,spv,null,null
buy,"Sep 9, 2022",137,999973,unspecified,null,null
buy,"Sep 11, 2022",137,999973,unspecified,null,null
sell,"Sep 17, 2022",165,25000000,spv,10%,1%
buy,"Sep 18, 2022",171,1000000,unspecified,null,null
buy,"Sep 18, 2022",171,1000000,unspecified,null,null
buy,"Sep 18, 2022",171,1000000,unspecified,null,null
buy,"Sep 26, 2022",175,10000000,unspecified,null,null
buy,"Sep 26, 2022",175,10000000,unspecified,null,null
buy,"Sep 26, 2022",175,10000000,unspecified,null,null
buy,"Sep 26, 2022",171,1000000,unspecified,null,null
buy,"Sep 26, 2022",163,100000000,unspecified,null,null
buy,"Sep 26, 2022",163,100000000,unspecified,null,null
buy,"Sep 26, 2022",163,100000000,unspecified,null,null
sell,"Sep 27, 2022",null,617000,spv,20%,1%
buy,"Sep 27, 2022",167,10000000,unspecified,null,null
buy,"Sep 27, 2022",167,10000000,unspecified,null,null
buy,"Sep 27, 2022",167,10000000,unspecified,null,null
sell,"Oct 2, 2022",155,100000000,spv,10%,0
buy,"Oct 3, 2022",163,10000000,unspecified,null,null
buy,"Oct 3, 2022",163,10000000,unspecified,null,null
sell,"Oct 6, 2022",176.7,25000000,unspecified,null,null
buy,"Oct 6, 2022",163,100000000,unspecified,null,null
sell,"Oct 6, 2022",159,10000000,spv,10%,0
sell,"Oct 6, 2022",158,11027731,spv,10%,0
buy,"Oct 7, 2022",165,15000000,unspecified,null,null
buy,"Oct 7, 2022",165,15000000,unspecified,null,null
sell,"Oct 9, 2022",152,10000000,spv,10%,0
buy,"Oct 9, 2022",137,999973,unspecified,null,null
buy,"Oct 11, 2022",161,10000000,unspecified,null,null
buy,"Oct 11, 2022",160.3,1500000,unspecified,null,null
buy,"Oct 24, 2022",163,10000000,unspecified,null,null
buy,"Oct 24, 2022",163,10000000,unspecified,null,null
sell,"Oct 24, 2022",152,10000000,spv,10%,0
sell,"Oct 25, 2022",172,58000000,spv,0,0
buy,"Oct 30, 2022",165,2000000,unspecified,null,null
buy,"Nov 1, 2022",179,2000000,unspecified,null,null
buy,"Nov 1, 2022",159,2000000,unspecified,null,null
sell,"Nov 2, 2022",176.7,10000000,direct,null,null
sell,"Nov 2, 2022",165,3000000,spv,10%,0
sell,"Nov 2, 2022",164.62,2000000,spv,20%,0
sell,"Nov 2, 2022",155,100000000,spv,10%,0
sell,"Nov 3, 2022",165,1575000,spv,0,0
sell,"Nov 3, 2022",165,40000000,spv,10%,0
sell,"Nov 3, 2022",155,50000000,spv,10%,0
buy,"Nov 6, 2022",175,10000000,unspecified,null,null
sell,"Nov 6, 2022",173,50000000,spv,null,null
buy,"Nov 6, 2022",171,1000000,unspecified,null,null
buy,"Nov 6, 2022",167,2000000,unspecified,null,null
buy,"Nov 6, 2022",167,10000000,unspecified,null,null
buy,"Nov 6, 2022",163,100000000,unspecified,null,null
buy,"Nov 6, 2022",155,20000000,unspecified,null,null
buy,"Nov 6, 2022",155,500000,unspecified,null,null
buy,"Nov 6, 2022",145,650000,unspecified,null,null
buy,"Nov 6, 2022",145,20000000,unspecified,null,null
sell,"Nov 9, 2022",172,110000000,spv,0,0
sell,"Nov 12, 2022",173,10000000,spv,0,0
sell,"Nov 13, 2022",179,20000000,spv,0,0
sell,"Nov 14, 2022",179,10000000,spv,0,0
buy,"Nov 14, 2022",175,2000000,unspecified,null,null
sell,"Nov 15, 2022",141,1500000,spv,20%,null
sell,"Nov 16, 2022",177,10000000,spv,null,null
buy,"Nov 17, 2022",169,15400000,spv,null,null
buy,"Nov 17, 2022",169,15400000,spv,null,null
sell,"Nov 18, 2022",179,10000000,spv,0,0
buy,"Nov 18, 2022",165,100000000,unspecified,null,null
sell,"Nov 21, 2022",173,20000000,spv,0,0
buy,"Nov 21, 2022",165,300000000,unspecified,null,null
sell,"Nov 21, 2022",155,100000000,spv,10%,0
buy,"Nov 26, 2022",165,200000000,unspecified,null,null
buy,"Nov 27, 2022",175,2000000,unspecified,null,null
sell,"Nov 28, 2022",167,100000000,spv,10%,1%
buy,"Nov 29, 2022",175,2000000,unspecified,null,null
buy,"Nov 29, 2022",175,2000000,unspecified,null,null
sell,"Nov 29, 2022",169,25000000,spv,0,0
sell,"Nov 30, 2022",169,5000000,spv,20%,2%
sell,"Nov 30, 2022",169,10000000,spv,10%,null
buy,"Dec 1, 2022",175,2000000,spv,null,null
sell,"Dec 1, 2022",173,10000000,spv,null,null
buy,"Dec 1, 2022",165,20000000,unspecified,null,null
sell,"Dec 3, 2022",185,3800000,spv,20%,1%
sell,"Dec 4, 2022",null,650000,spv,20%,1%
sell,"Dec 4, 2022",null,617000,spv,20%,1%
sell,"Dec 4, 2022",172,58000000,spv,0,0
sell,"Dec 4, 2022",169,20000000,spv,0,0
sell,"Dec 4, 2022",165,25000000,spv,10%,1%
sell,"Dec 4, 2022",163,528582,spv,10%,0
sell,"Dec 4, 2022",158,11027731,spv,10%,0
sell,"Dec 4, 2022",155,20000000,spv,20%,1%
sell,"Dec 4, 2022",155,20000000,spv,10%,0
sell,"Dec 4, 2022",155,150000000,spv,10%,0
sell,"Dec 4, 2022",153,10000000,spv,10%,0
sell,"Dec 4, 2022",151,1040400,spv,20%,2%
sell,"Dec 4, 2022",138.9,45000000,spv,25%,0
sell,"Dec 6, 2022",176.7,25000000,unspecified,null,null
sell,"Dec 7, 2022",167,100000000,spv,10%,1%
sell,"Dec 8, 2022",169,25000000,spv,10%,0
buy,"Dec 11, 2022",175,10000000,unspecified,null,null
buy,"Dec 11, 2022",171,1000000,unspecified,null,null
buy,"Dec 11, 2022",167,10000000,unspecified,null,null
buy,"Dec 11, 2022",165,15000000,unspecified,null,null
buy,"Dec 11, 2022",163,100000000,unspecified,null,null
buy,"Dec 11, 2022",163,10000000,unspecified,null,null
buy,"Dec 11, 2022",163,10000000,unspecified,null,null
buy,"Dec 11, 2022",155,500000,unspecified,null,null
buy,"Dec 13, 2022",175,3000000,unspecified,null,null
sell,"Dec 13, 2022",169,100000000,spv,0,0
sell,"Dec 13, 2022",168.3,15000000,spv,20%,0
sell,"Dec 14, 2022",177,50000000,unspecified,null,null
sell,"Dec 14, 2022",169,100000000,spv,15%,0
sell,"Dec 14, 2022",169,100000000,spv,0,0
sell,"Dec 14, 2022",125,8000000,spv,25%,2%
sell,"Dec 15, 2022",169,2000000,spv,10%,1%
sell,"Dec 15, 2022",169,25000000,spv,10%,0
sell,"Dec 16, 2022",169,75000000,spv,10%,1%
buy,"Dec 18, 2022",173,10000000,unspecified,null,null
sell,"Dec 19, 2022",179,3000000,spv,0,0
sell,"Dec 20, 2022",159,5000000,spv,25%,null
sell,"Dec 22, 2022",159.4,5000000,spv,20%,0
buy,"Dec 26, 2022",169,9000000,spv,0,null
sell,"Dec 26, 2022",142,9000000,spv,20%,2%
sell,"Dec 28, 2022",180.16,75000000,direct,null,null
sell,"Dec 29, 2022",180.16,75000000,direct,null,null
sell,"Jan 2, 2023",159,720000,spv,null,null
sell,"Jan 2, 2023",129,8000000,spv,20%,2%
buy,"Jan 4, 2023",184.4,20000000,spv,null,null
buy,"Jan 4, 2023",169,20000000,direct,null,null
sell,"Jan 4, 2023",125,7755000,spv,null,null
sell,"Jan 5, 2023",180.16,75000000,spv,null,null
sell,"Jan 5, 2023",169,100000000,spv,null,null
sell,"Jan 10, 2023",177,9000000,spv,null,null
buy,"Jan 10, 2023",169,10000000,spv,0,0
sell,"Jan 10, 2023",131,7000000,spv,null,null
sell,"Jan 10, 2023",131,6500000,spv,null,null
sell,"Jan 12, 2023",178.24,100000000,spv,null,null
sell,"Jan 12, 2023",169,15000000,spv,null,null
buy,"Jan 12, 2023",169,10000000,unspecified,null,null
sell,"Jan 13, 2023",131,8000000,spv,20%,0
buy,"Jan 13, 2023",131,10000000,unspecified,null,null
sell,"Jan 14, 2023",172.86,100000000,spv,null,null
sell,"Jan 14, 2023",169,50000000,spv,null,null
sell,"Jan 14, 2023",169,130000000,spv,null,null
buy,"Jan 15, 2023",179,2000000,unspecified,null,null
buy,"Jan 15, 2023",175,2000000,unspecified,null,null
buy,"Jan 15, 2023",175,2000000,unspecified,null,null
buy,"Jan 15, 2023",175,6000000,unspecified,null,null
buy,"Jan 15, 2023",165,100000000,unspecified,null,null
buy,"Jan 15, 2023",165,15000000,unspecified,null,null
buy,"Jan 15, 2023",165,200000000,unspecified,null,null
buy,"Jan 15, 2023",165,300000000,unspecified,null,null
buy,"Jan 15, 2023",163,10000000,unspecified,null,null
buy,"Jan 15, 2023",163,10000000,unspecified,null,null
buy,"Jan 15, 2023",159,2000000,unspecified,null,null
sell,"Jan 20, 2023",175,21600000,spv,null,null
sell,"Jan 20, 2023",175,10000000,spv,null,null
sell,"Jan 21, 2023",181,10000000,spv,null,null
sell,"Jan 21, 2023",179,10000000,spv,null,null
sell,"Jan 21, 2023",179,20000000,spv,null,null
sell,"Jan 21, 2023",176.7,10000000,direct,null,null
sell,"Jan 21, 2023",173,20000000,spv,null,null
sell,"Jan 21, 2023",173,10000000,spv,null,null
sell,"Jan 21, 2023",172.86,100000000,spv,null,null
sell,"Jan 21, 2023",172,58000000,spv,null,null
sell,"Jan 21, 2023",172,110000000,spv,null,null
sell,"Jan 21, 2023",169,25000000,spv,null,null
sell,"Jan 21, 2023",169,130000000,spv,null,null
sell,"Jan 21, 2023",169,100000000,direct,null,null
sell,"Jan 21, 2023",167,100000000,spv,null,null
sell,"Jan 21, 2023",165,1575000,spv,null,null
sell,"Jan 21, 2023",165,40000000,spv,null,null
sell,"Jan 21, 2023",165,3000000,spv,null,null
sell,"Jan 21, 2023",164.62,2000000,spv,null,null
sell,"Jan 21, 2023",159.4,5000000,spv,null,null
sell,"Jan 21, 2023",158,11027731,spv,null,null
sell,"Jan 21, 2023",155,50000000,spv,null,null
sell,"Jan 21, 2023",152,10000000,spv,null,null
sell,"Jan 22, 2023",183,22000000,spv,0,null
sell,"Jan 22, 2023",181,10000000,spv,null,null
buy,"Jan 23, 2023",176.7,50000000,unspecified,null,null
sell,"Jan 24, 2023",181,22410000,spv,0,0
sell,"Jan 24, 2023",177,50000000,spv,0,0
sell,"Jan 24, 2023",175,3000000,spv,0,0
sell,"Jan 25, 2023",169,20000000,spv,10%,1%
sell,"Jan 30, 2023",171,10000000,unspecified,null,null
sell,"Jan 30, 2023",169,100000000,spv,0,0
buy,"Jan 30, 2023",169,2000000,spv,0,0
buy,"Feb 2, 2023",176.7,10000000,unspecified,null,null
sell,"Feb 2, 2023",145,5000000,spv,20%,2%
sell,"Feb 3, 2023",169,100000000,direct,null,null
sell,"Feb 5, 2023",169,50000000,spv,10%,1%
buy,"Feb 5, 2023",135,999960,unspecified,null,null
sell,"Feb 6, 2023",171.24,50000000,direct,null,null
sell,"Feb 6, 2023",169,11611369,spv,0,0
sell,"Feb 9, 2023",182,20000000,spv,0,0
sell,"Feb 12, 2023",131,8178000,spv,20%,0
sell,"Feb 13, 2023",183,22000000,spv,0,0
buy,"Feb 15, 2023",165,25000000,spv,0,null
sell,"Feb 18, 2023",183,25000000,spv,10%,0
buy,"Feb 18, 2023",173,2000000,unspecified,null,null
sell,"Feb 18, 2023",169,47000000,spv,10%,null
buy,"Feb 19, 2023",173,1999964,unspecified,null,null
sell,"Feb 20, 2023",183,3000000,spv,0,0
sell,"Feb 21, 2023",175,25000000,direct,null,null
buy,"Feb 21, 2023",173,20000000,direct,null,null
buy,"Feb 21, 2023",171,25000000,spv,0,null
buy,"Feb 21, 2023",163,20000000,direct,null,null
buy,"Feb 22, 2023",176.7,10000000,direct,null,null
sell,"Feb 22, 2023",169,15000000,spv,0,0
sell,"Feb 22, 2023",169,15000000,spv,0,0
buy,"Feb 22, 2023",167,2000000,unspecified,null,null
sell,"Feb 23, 2023",169,15000000,spv,0,0
buy,"Feb 23, 2023",145,750000,direct,null,null
sell,"Feb 24, 2023",135,1300000,spv,20%,2%
sell,"Feb 26, 2023",169,100000000,unspecified,null,null
sell,"Feb 26, 2023",165,25000000,spv,0,0
sell,"Feb 27, 2023",169,15000000,spv,0,0
buy,"Feb 28, 2023",169,2000000,unspecified,null,null
sell,"Mar 1, 2023",174,2000000,spv,0,0
buy,"Mar 3, 2023",177.3,500000,unspecified,null,null
buy,"Mar 3, 2023",166.5,25000000,unspecified,null,null
sell,"Mar 7, 2023",171,12246000,spv,0,0
sell,"Mar 7, 2023",167,20000000,unspecified,null,null
sell,"Mar 7, 2023",162,20000000,unspecified,null,null
sell,"Mar 7, 2023",162,25000000,unspecified,null,null
sell,"Mar 7, 2023",155,4000000,unspecified,null,null
sell,"Mar 7, 2023",155,20000000,unspecified,null,null
sell,"Mar 7, 2023",155,20000000,unspecified,null,null
sell,"Mar 7, 2023",155,100000000,unspecified,null,null
sell,"Mar 7, 2023",135,600000,spv,20%,1%
buy,"Mar 10, 2023",157,30000000,direct,null,null
sell,"Mar 15, 2023",173.92,27000000,spv,0,0
buy,"Mar 16, 2023",165,35000000,direct,null,null
buy,"Mar 19, 2023",163,20000000,direct,null,null
sell,"Mar 21, 2023",169,1500000,spv,0,0
sell,"Mar 22, 2023",169,30000000,spv,10%,1%
buy,"Mar 26, 2023",177.12,499410.66,unspecified,null,null
sell,"Mar 26, 2023",169,11611369,spv,0,0
buy,"Mar 28, 2023",177,109836,spv,null,null
sell,"Mar 28, 2023",165,50000000,spv,0,0
sell,"Mar 30, 2023",177,1000000,spv,0,0
sell,"Apr 1, 2023",169,15000000,spv,0,0
buy,"Apr 4, 2023",165,250000,unspecified,null,null
sell,"Apr 5, 2023",141,25000000,spv,20%,0
sell,"Apr 10, 2023",165,50000000,spv,0,0
sell,"Apr 10, 2023",164.78,7489000,forward,null,null
sell,"Apr 11, 2023",153,25000000,spv,10%,0
sell,"Apr 12, 2023",170,50000000,spv,0,0
sell,"Apr 12, 2023",169,30000000,direct,null,null
buy,"Apr 18, 2023",173,250000,direct,null,null
buy,"Apr 18, 2023",173,250000,spv,0,0
buy,"Apr 18, 2023",173,250000,spv,null,0
sell,"Apr 18, 2023",172,2000000,spv,0,0
buy,"Apr 18, 2023",165,250000,spv,19%,0
buy,"Apr 19, 2023",185,250000,unspecified,null,null
sell,"Apr 23, 2023",169,6822739,spv,0,0
buy,"Apr 27, 2023",163,10000000,direct,null,null
sell,"Apr 30, 2023",169,12000000,spv,0,0
sell,"Apr 30, 2023",169,6822739,spv,0,0
buy,"May 1, 2023",155,250000,direct,null,null
buy,"May 1, 2023",155,250000,spv,0,0
sell,"May 2, 2023",169,2700000,spv,0,0
sell,"May 3, 2023",155,30000000,spv,20%,2%
buy,"May 5, 2023",172,500000,spv,0,0
buy,"May 5, 2023",171.32,23000000,unspecified,null,null
buy,"May 5, 2023",169,1000000,spv,0,0
sell,"May 7, 2023",169,25000000,spv,0,0
sell,"May 8, 2023",176.7,5000000,spv,0,0
buy,"May 10, 2023",169,5500000,unspecified,null,null
buy,"May 13, 2023",165,5500000,spv,0,0
sell,"May 14, 2023",165,4000000,spv,20%,2%
buy,"May 15, 2023",185,250000,unspecified,null,null
sell,"May 16, 2023",175,20000000,spv,10%,1.50%
sell,"May 24, 2023",166.5,12000000,spv,0,0
buy,"May 25, 2023",155,5000000,direct,null,null
sell,"May 26, 2023",175.16,60000000,spv,0,0
buy,"May 26, 2023",169,5000000,direct,null,null
sell,"May 26, 2023",169,30000000,spv,0,0
sell,"May 26, 2023",165,12000000,spv,0,0
sell,"May 27, 2023",169,16963100,spv,0,0
sell,"May 29, 2023",169,5000000,spv,0,0
sell,"May 30, 2023",162,12000000,spv,0,0
sell,"May 31, 2023",169,10000000,spv,0,0
buy,"May 31, 2023",169,5000000,direct,null,null
buy,"May 31, 2023",169,5000000,spv,0,0
sell,"May 31, 2023",162,12000000,spv,0,0
sell,"Jun 1, 2023",168,10000000,spv,0,0
sell,"Jun 3, 2023",165,12000000,spv,0,0
buy,"Jun 3, 2023",157,2000000,spv,0,0
buy,"Jun 3, 2023",155,2000000,spv,10%,1%
sell,"Jun 5, 2023",165,4000000,spv,20%,2%
sell,"Jun 5, 2023",155.5,2000000,forward,null,null
sell,"Jun 5, 2023",155.5,2000000,spv,null,null
sell,"Jun 5, 2023",155.5,2000000,unspecified,null,null
buy,"Jun 5, 2023",145,8000000,unspecified,null,null
buy,"Jun 8, 2023",165,1000000,unspecified,null,null
sell,"Jun 9, 2023",null,40000000,spv,0,0
sell,"Jun 9, 2023",169,10000000,direct,null,null
sell,"Jun 9, 2023",159,2000000,spv,20%,2%
sell,"Jun 10, 2023",183,40000000,spv,0,0
sell,"Jun 10, 2023",173,10000000,spv,0,0
buy,"Jun 11, 2023",159,2000000,direct,null,null
buy,"Jun 11, 2023",159,2000000,spv,null,null
buy,"Jun 15, 2023",165,500000,direct,null,null
buy,"Jun 15, 2023",165,500000,spv,null,null
sell,"Jun 15, 2023",163,12000000,spv,0,0
buy,"Jun 18, 2023",167,5000000,unspecified,null,null
buy,"Jun 19, 2023",169,5000000,direct,null,null
buy,"Jun 21, 2023",169.4,5000000,direct,null,null
sell,"Jun 21, 2023",169,5000000,direct,null,null
sell,"Jun 22, 2023",170,5000000,direct,null,null
buy,"Jun 26, 2023",181,100000,unspecified,null,null
buy,"Jun 27, 2023",165,1000000,unspecified,null,null
sell,"Jun 27, 2023",151,25000000,spv,10%,1%
sell,"Jul 2, 2023",169,16963100,spv,0,0
buy,"Jul 5, 2023",170,1463479,spv,0,null
sell,"Jul 6, 2023",169,4000000,spv,0,0
sell,"Jul 7, 2023",169,12500000,spv,0,0
sell,"Jul 8, 2023",176.7,25000000,spv,0,0
buy,"Jul 9, 2023",169,20000000,spv,0,0
buy,"Jul 9, 2023",169,25000000,unspecified,null,null
sell,"Jul 10, 2023",171,10000000,spv,0,0
buy,"Jul 10, 2023",170,500000,direct,null,null
buy,"Jul 10, 2023",170,500000,spv,null,null
sell,"Jul 10, 2023",169,1000000,spv,0,0
sell,"Jul 11, 2023",169,10000000,spv,0,0
buy,"Jul 11, 2023",167,4000000,spv,0,0
sell,"Jul 13, 2023",174.6,5000000,spv,20%,0
buy,"Jul 13, 2023",169,1000000,spv,0,0
sell,"Jul 13, 2023",169,1000000,spv,0,0
sell,"Jul 15, 2023",186.14,10000000,spv,0,0
sell,"Jul 15, 2023",174.6,5000000,spv,20%,0
sell,"Jul 16, 2023",169,750000,spv,0,0
sell,"Jul 16, 2023",155,700000,spv,20%,1%
buy,"Jul 18, 2023",171,1500000,direct,null,null
buy,"Jul 18, 2023",171,1500000,spv,0,0
buy,"Jul 18, 2023",169,20000000,direct,null,null
buy,"Jul 18, 2023",169,20000000,spv,null,null
buy,"Jul 18, 2023",169,70000000,unspecified,null,null
buy,"Jul 18, 2023",169,5000000,direct,null,null
buy,"Jul 18, 2023",169,5000000,spv,0,0
sell,"Jul 18, 2023",165,4000000,spv,20%,2%
sell,"Jul 18, 2023",159,2000000,spv,20%,2%
sell,"Jul 18, 2023",159,100000000,spv,10%,0
sell,"Jul 19, 2023",175,5000000,spv,0,0
sell,"Jul 19, 2023",169,5000000,spv,0,0
sell,"Jul 20, 2023",177,5000000,spv,10%,0
buy,"Jul 21, 2023",170,2000000,spv,0,0
buy,"Jul 23, 2023",169,70000000,unspecified,null,null
buy,"Jul 25, 2023",175.42,1500000,unspecified,null,null
sell,"Jul 27, 2023",177,40000000,spv,0,0
sell,"Jul 27, 2023",177,5000000,spv,0,0
sell,"Jul 29, 2023",185,30000000,unspecified,null,null
sell,"Jul 29, 2023",185,3000000,unspecified,null,null
sell,"Jul 29, 2023",181,2000000,unspecified,null,null
sell,"Jul 30, 2023",185,30000000,unspecified,null,null
buy,"Jul 30, 2023",181,10000000,unspecified,null,null
sell,"Jul 30, 2023",177,40000000,spv,0,0
sell,"Jul 31, 2023",181,2000000,unspecified,null,null
buy,"Aug 3, 2023",173,10000000,unspecified,null,null
sell,"Aug 3, 2023",165,10000000,spv,10%,1%
buy,"Aug 4, 2023",181,3000000,unspecified,null,null
sell,"Aug 4, 2023",177,50000000,spv,0,0
buy,"Aug 4, 2023",173,10000000,unspecified,null,null
sell,"Aug 4, 2023",169,20000000,spv,20%,1%
sell,"Aug 4, 2023",165,4000000,spv,20%,2%
sell,"Aug 4, 2023",159,2000000,spv,20%,2%
sell,"Aug 7, 2023",177,5000000,spv,10%,0
sell,"Aug 7, 2023",177,5000000,spv,0,0
buy,"Aug 7, 2023",173,20000000,spv,0,0
buy,"Aug 9, 2023",177,25000000,unspecified,null,null
buy,"Aug 9, 2023",175,10000000,spv,0,0
buy,"Aug 10, 2023",173,2000000,spv,0,0
buy,"Aug 11, 2023",177,10000000,spv,0,0
sell,"Aug 12, 2023",195,1000000,direct,null,null
sell,"Aug 12, 2023",181,7000000,spv,20%,2%
sell,"Aug 13, 2023",null,40000000,spv,20%,0
sell,"Aug 14, 2023",185,10000000,unspecified,null,null
sell,"Aug 15, 2023",165,4000000,spv,20%,2%
sell,"Aug 15, 2023",159,2000000,spv,20%,2%
buy,"Aug 16, 2023",181,1500000,unspecified,null,null
buy,"Aug 16, 2023",177,25000000,unspecified,null,null
buy,"Aug 16, 2023",169,35000000,unspecified,null,null
sell,"Aug 17, 2023",177,5000000,spv,10%,0
buy,"Aug 17, 2023",177,5000000,spv,0,0
buy,"Aug 17, 2023",177,25000000,spv,0,0
sell,"Aug 17, 2023",176.7,5000000,spv,0,0
sell,"Aug 18, 2023",177,10000000,spv,0,0
sell,"Aug 18, 2023",177,5000000,spv,0,0
buy,"Aug 19, 2023",171,50000000,unspecified,null,null
buy,"Aug 21, 2023",171,1000000,direct,null,null
buy,"Aug 21, 2023",171,1000000,spv,0,0
buy,"Aug 23, 2023",177,5000000,unspecified,null,null
sell,"Aug 23, 2023",177,10000000,spv,0,0
buy,"Aug 27, 2023",183,13000000,unspecified,null,null
buy,"Aug 28, 2023",179,25000000,spv,0,0
sell,"Aug 28, 2023",177,5000000,spv,10%,0
buy,"Aug 28, 2023",175,250000,unspecified,null,null
buy,"Aug 29, 2023",171,1000000,direct,null,null
buy,"Aug 29, 2023",171,1000000,spv,0,0
sell,"Aug 31, 2023",159,2000000,spv,20%,2%
buy,"Sep 1, 2023",181,25000000,spv,0,0
sell,"Sep 1, 2023",159,2000000,spv,20%,2%
sell,"Sep 7, 2023",177,5000000,spv,10%,0
buy,"Sep 8, 2023",183,10000000,spv,0,0
sell,"Sep 8, 2023",177,17000000,spv,10%,1%
buy,"Sep 8, 2023",169,250000,spv,20%,2%
buy,"Sep 9, 2023",185,2000000,unspecified,null,null
sell,"Sep 9, 2023",169,2000000,spv,20%,0
buy,"Sep 10, 2023",183,10000000,unspecified,null,null
sell,"Sep 11, 2023",182.5,10000000,spv,0,0
buy,"Sep 11, 2023",178,5000000,unspecified,null,null
buy,"Sep 11, 2023",169,250000,spv,10%,2%
sell,"Sep 11, 2023",169,5000000,spv,15%,0
sell,"Sep 11, 2023",159,2000000,spv,20%,2%
buy,"Sep 12, 2023",177,5000000,unspecified,null,null
sell,"Sep 13, 2023",189,9000000,spv,0,0
buy,"Sep 13, 2023",188,1000000,unspecified,null,null
buy,"Sep 13, 2023",183,10000000,spv,0,0
sell,"Sep 13, 2023",181,9000000,spv,0,0
buy,"Sep 14, 2023",184,10000000,spv,0,0
buy,"Sep 15, 2023",177,1000000,unspecified,null,null
buy,"Sep 17, 2023",177,10000000,direct,null,null
buy,"Sep 17, 2023",177,10000000,spv,0,0
sell,"Sep 18, 2023",177,1300000,direct,null,null
sell,"Sep 18, 2023",177,17000000,spv,10%,1%
sell,"Sep 18, 2023",177,5000000,spv,10%,0
sell,"Sep 18, 2023",169,83000,spv,10%,2%
sell,"Sep 19, 2023",null,5000000,spv,15%,0
sell,"Sep 19, 2023",183,5000000,spv,0,0
sell,"Sep 19, 2023",181,29050000,spv,10%,1%
buy,"Sep 19, 2023",177,75000000,unspecified,null,null
sell,"Sep 19, 2023",159,25200000,spv,10%,1%
sell,"Sep 19, 2023",157,5800000,spv,20%,2%
buy,"Sep 20, 2023",null,100000,direct,null,null
buy,"Sep 20, 2023",null,100000,spv,10%,2%
buy,"Sep 20, 2023",null,100000,spv,10%,2%
buy,"Sep 21, 2023",191.4,3000000,unspecified,null,null
sell,"Sep 21, 2023",187,5000000,spv,5%,0
sell,"Sep 21, 2023",157,5800000,spv,20%,2%
sell,"Sep 24, 2023",183,55000000,spv,0,0
buy,"Sep 25, 2023",184,10000000,spv,0,0
buy,"Sep 25, 2023",175,10000000,spv,0,0
sell,"Sep 26, 2023",159,2000000,spv,20%,2%
sell,"Sep 27, 2023",188.4,100000000,spv,0,0
sell,"Sep 27, 2023",183,5000000,spv,0,0
sell,"Sep 27, 2023",177,1300000,spv,0,0
sell,"Sep 27, 2023",175,5000000,spv,10%,0
sell,"Sep 28, 2023",185,1000000,spv,0,0
sell,"Sep 29, 2023",165,25000000,spv,10%,0
sell,"Sep 30, 2023",177,5000000,spv,0,0
buy,"Oct 1, 2023",184,5500000,unspecified,null,null
sell,"Oct 1, 2023",177,5000000,spv,0,0
buy,"Oct 2, 2023",185,500000,spv,0,0
buy,"Oct 2, 2023",184,5500000,spv,0,0
buy,"Oct 2, 2023",183,5000000,spv,0,0
buy,"Oct 2, 2023",183,6000000,unspecified,null,null
sell,"Oct 2, 2023",177,17000000,spv,10%,1%
sell,"Oct 2, 2023",177,5000000,spv,10%,0
buy,"Oct 3, 2023",178.8,4000000,unspecified,null,null
sell,"Oct 5, 2023",185,5000000,spv,0,0
buy,"Oct 5, 2023",179,100000000,direct,null,null
sell,"Oct 6, 2023",183,5000000,spv,0,0
buy,"Oct 8, 2023",183,1000000,unspecified,null,null
sell,"Oct 9, 2023",191,5000000,spv,0,0
sell,"Oct 9, 2023",191,5000000,spv,0,0
sell,"Oct 9, 2023",191,5000000,spv,0,0
buy,"Oct 9, 2023",183,10000000,spv,0,0
sell,"Oct 9, 2023",177,10000000,spv,10%,1%
sell,"Oct 10, 2023",167,13000000,spv,15%,0
sell,"Oct 12, 2023",169,83000,spv,10%,2%
sell,"Oct 15, 2023",183,5000000,spv,0,0
buy,"Oct 17, 2023",185,20000000,unspecified,null,null
sell,"Oct 17, 2023",185,5000000,spv,0,0
buy,"Oct 17, 2023",181,2000000,direct,null,null
buy,"Oct 17, 2023",181,5000000,spv,0,0
sell,"Oct 17, 2023",177,5000000,spv,10%,0
sell,"Oct 18, 2023",183,5000000,spv,0,0.50%
sell,"Oct 18, 2023",182,5000000,spv,0,0.50%
buy,"Oct 19, 2023",181,10000000,spv,0,0
sell,"Oct 20, 2023",195,5000000,spv,0,0
sell,"Oct 20, 2023",177,10000000,spv,10%,1%
sell,"Oct 21, 2023",177,17000000,spv,10%,1%
buy,"Oct 23, 2023",185,500000,spv,0,0
buy,"Oct 23, 2023",183,5000000,spv,0,0
sell,"Oct 25, 2023",183.48,20000000,spv,0,0
sell,"Oct 25, 2023",182,5000000,spv,0,0
sell,"Oct 25, 2023",177,10000000,spv,10%,0
sell,"Oct 25, 2023",169,5000000,spv,15%,0
sell,"Oct 25, 2023",159,2000000,spv,20%,2%
sell,"Oct 26, 2023",184,1690000,spv,0,0
sell,"Oct 26, 2023",171,50000000,spv,0,0
buy,"Oct 29, 2023",181,10000000,spv,0,0
buy,"Oct 29, 2023",177,50000000,direct,null,null
sell,"Oct 29, 2023",171,27300000,spv,10%,1%
sell,"Oct 30, 2023",177,17000000,spv,10%,1%
buy,"Nov 1, 2023",181,1000000,unspecified,null,null
buy,"Nov 2, 2023",184.32,25000000,unspecified,null,null
buy,"Nov 2, 2023",183,750000,unspecified,null,null
buy,"Nov 5, 2023",185.3,1000000,spv,0,0
buy,"Nov 6, 2023",187,1000000,unspecified,null,null
sell,"Nov 6, 2023",181,8000000,spv,0,0
sell,"Nov 6, 2023",159,2000000,spv,20%,2%
sell,"Nov 7, 2023",185,30000000,spv,0,0
sell,"Nov 8, 2023",177,5000000,spv,10%,2%
buy,"Nov 9, 2023",183,10000000,spv,0,0
sell,"Nov 10, 2023",185,250000,spv,0,0.50%
sell,"Nov 10, 2023",185,250000,spv,15%,1%
sell,"Nov 10, 2023",177,17000000,spv,10%,1%
buy,"Nov 11, 2023",184.32,25000000,unspecified,null,null
buy,"Nov 13, 2023",139,20000000,spv,20%,0
buy,"Nov 13, 2023",139,10000000,spv,20%,0
sell,"Nov 14, 2023",191,10000000,spv,0,0
sell,"Nov 14, 2023",183,25000000,spv,10%,0
sell,"Nov 15, 2023",191,10000000,spv,0,0
buy,"Nov 15, 2023",183.5,3000000,spv,0,0
buy,"Nov 15, 2023",179,10000000,unspecified,null,null
buy,"Nov 15, 2023",177,10000000,spv,0,0
sell,"Nov 15, 2023",177,5000000,spv,10%,0
buy,"Nov 16, 2023",188.5,433.75,spv,0,0
buy,"Nov 16, 2023",188.5,5000000,spv,0,0
buy,"Nov 17, 2023",195,10000000,unspecified,null,null
buy,"Nov 17, 2023",185,1000000,direct,null,null
buy,"Nov 17, 2023",185,1000000,spv,5%,0
sell,"Nov 17, 2023",157,660300,spv,20%,1%
sell,"Nov 18, 2023",168.3,15000000,spv,20%,0
buy,"Nov 19, 2023",185,500000,direct,null,null
buy,"Nov 19, 2023",185,500000,spv,10%,1%
sell,"Nov 19, 2023",177,75000000,spv,5%,0.50%
sell,"Nov 19, 2023",169,5000000,spv,20%,0
sell,"Nov 20, 2023",183,1000000,spv,0,0
buy,"Nov 20, 2023",183,10000000,spv,0,0
buy,"Nov 20, 2023",179,1200000,spv,10%,0
sell,"Nov 20, 2023",162,735000,spv,10%,1%
sell,"Nov 21, 2023",177,5000000,spv,10%,2%
sell,"Nov 22, 2023",177,20000000,spv,10%,null
sell,"Nov 22, 2023",177,20000000,spv,10%,null
buy,"Nov 22, 2023",175,50000,direct,null,null
sell,"Nov 24, 2023",169,20000000,spv,10%,3%
buy,"Nov 25, 2023",187,60000000,unspecified,null,null
sell,"Nov 27, 2023",185,5000000,spv,0,0
buy,"Nov 27, 2023",185,10000000,spv,0,0
buy,"Nov 27, 2023",183.5,3000000,spv,0,0
buy,"Nov 27, 2023",177,10000000,spv,0,0
buy,"Nov 28, 2023",185,5000000,spv,0,0
buy,"Nov 28, 2023",181.705845,5000000,spv,null,null
sell,"Nov 28, 2023",175,20000000,spv,10%,0
buy,"Nov 29, 2023",190,1000000,direct,null,null
buy,"Nov 29, 2023",190,1000000,spv,0,0
buy,"Nov 29, 2023",181,50000000,unspecified,null,null
sell,"Nov 29, 2023",177,20000000,spv,10%,0
sell,"Nov 30, 2023",169,5000000,spv,20%,0
sell,"Dec 1, 2023",177,17000000,spv,10%,1%
sell,"Dec 2, 2023",188.4,100000,spv,20%,0
buy,"Dec 2, 2023",175,50000,direct,null,null
sell,"Dec 3, 2023",190.9,100000,spv,20%,0
buy,"Dec 3, 2023",189,50000000,unspecified,null,null
buy,"Dec 4, 2023",191,1700000,spv,0,0
buy,"Dec 4, 2023",183.5,3000000,spv,0,0
sell,"Dec 4, 2023",183,50000,spv,10%,1%
sell,"Dec 4, 2023",183,1000000,spv,0,0
sell,"Dec 5, 2023",200.7,32500000,spv,10%,0
sell,"Dec 5, 2023",181,8000000,spv,0,0
sell,"Dec 5, 2023",177,5000000,spv,10%,2%
sell,"Dec 5, 2023",167,26600000,spv,10%,1%
sell,"Dec 7, 2023",213,100000,spv,20%,0
sell,"Dec 7, 2023",205,25000000,spv,10%,1.50%
sell,"Dec 7, 2023",205,5000000,spv,10%,1.50%
sell,"Dec 7, 2023",205,5000000,spv,10%,1.50%
buy,"Dec 7, 2023",185,50000,direct,null,null
buy,"Dec 7, 2023",185,50000,forward,null,null
buy,"Dec 7, 2023",185,50000,spv,5%,5%
buy,"Dec 8, 2023",185,1000000,spv,0,0
sell,"Dec 11, 2023",207,60000000,spv,null,null
sell,"Dec 11, 2023",200.7,32500000,spv,10%,0
sell,"Dec 12, 2023",216.4,20000000,spv,0,0
buy,"Dec 12, 2023",215,15000000,unspecified,null,null
sell,"Dec 12, 2023",214.8,7000000,spv,20%,0
sell,"Dec 12, 2023",214.5,5000000,spv,20%,0
sell,"Dec 12, 2023",212.4,10000000,spv,20%,0
buy,"Dec 12, 2023",209,50000000,direct,null,null
sell,"Dec 12, 2023",199.8,5000000,spv,20%,0
sell,"Dec 12, 2023",191.4,50000000,spv,20%,0
sell,"Dec 12, 2023",186.84,30000000,spv,10%,1%
sell,"Dec 12, 2023",185,5000000,spv,20%,0
sell,"Dec 12, 2023",180,5000000,spv,20%,0
sell,"Dec 12, 2023",176.7,10000000,spv,20%,0
sell,"Dec 13, 2023",220,3000000,spv,0,0
sell,"Dec 13, 2023",209,5000000,spv,10%,1.50%
buy,"Dec 13, 2023",209,50000000,direct,null,null
sell,"Dec 13, 2023",207,60000000,spv,0,0
sell,"Dec 13, 2023",193,26600000,spv,10%,1%
sell,"Dec 14, 2023",222.5,2500000,spv,0,0
buy,"Dec 14, 2023",219,10000000,unspecified,null,null
buy,"Dec 14, 2023",215,1000000,spv,0,0
buy,"Dec 14, 2023",209,3007000,spv,0,0
sell,"Dec 14, 2023",197,5000000,spv,10%,0
sell,"Dec 15, 2023",197,17000000,spv,10%,1%
sell,"Dec 16, 2023",172,735000,spv,10%,1%
sell,"Dec 18, 2023",220.64,2500000,spv,0,0
sell,"Dec 19, 2023",205,5000000,spv,10%,0
sell,"Dec 21, 2023",221,1000000,spv,0,0
buy,"Dec 21, 2023",215,100000000,unspecified,null,null
sell,"Dec 22, 2023",229,100000000,spv,0,0
sell,"Dec 23, 2023",220,3000000,spv,0,0
sell,"Dec 25, 2023",221,50000000,spv,0,0
sell,"Dec 25, 2023",215,60000000,spv,0,0
buy,"Dec 25, 2023",215,1500000,unspecified,null,null
sell,"Dec 25, 2023",209,10000000,spv,10%,0
sell,"Dec 25, 2023",201,32500000,spv,10%,1%
sell,"Dec 25, 2023",197,6000000,spv,10%,1.50%
sell,"Dec 25, 2023",187,10000000,spv,20%,1%
sell,"Dec 25, 2023",177,10000000,spv,20%,2%
buy,"Dec 26, 2023",215,3500000,unspecified,null,null
buy,"Dec 26, 2023",215,50000000,unspecified,null,null
buy,"Dec 26, 2023",215,50000000,unspecified,null,null
sell,"Dec 27, 2023",187,10000000,spv,20%,1%
sell,"Jan 2, 2024",220.64,2500000,spv,0,0
sell,"Jan 3, 2024",209,5000000,spv,10%,1.50%
sell,"Jan 4, 2024",223,40000000,spv,0,0
buy,"Jan 4, 2024",209,5000000,direct,null,null
buy,"Jan 4, 2024",209,5000000,spv,0,0
sell,"Jan 5, 2024",223,40000000,spv,0,0
buy,"Jan 5, 2024",221,250000,unspecified,null,null
sell,"Jan 5, 2024",221,1000000,spv,0,0
sell,"Jan 5, 2024",209,5000000,spv,0,0
buy,"Jan 6, 2024",221,250000,unspecified,null,null
buy,"Jan 6, 2024",209,2500000,spv,0,0
buy,"Jan 7, 2024",185,50000,direct,null,null
buy,"Jan 7, 2024",185,50000,forward,null,null
buy,"Jan 7, 2024",185,50000,spv,5%,5%
buy,"Jan 8, 2024",189,1000000,spv,10%,1%
buy,"Jan 9, 2024",215,250000,unspecified,null,null
buy,"Jan 10, 2024",225,500000,unspecified,null,null
buy,"Jan 10, 2024",225,250000,unspecified,null,null
buy,"Jan 10, 2024",225,250000,unspecified,null,null
buy,"Jan 10, 2024",221,3000000,unspecified,null,null
buy,"Jan 11, 2024",221,3000000,unspecified,null,null
sell,"Jan 11, 2024",209,1000000,spv,0,0
buy,"Jan 11, 2024",208,10000000,direct,null,null
buy,"Jan 11, 2024",208,10000000,spv,0,0
buy,"Jan 11, 2024",205,2000000,direct,null,null
buy,"Jan 11, 2024",205,2000000,spv,5%,0
sell,"Jan 12, 2024",220.1544,20000000,spv,0,0
sell,"Jan 12, 2024",205,20000000,spv,10%,1%
sell,"Jan 12, 2024",205,20000000,spv,10%,1%
sell,"Jan 12, 2024",205,20000000,spv,10%,1%
sell,"Jan 12, 2024",205,20000000,spv,10%,1%
sell,"Jan 12, 2024",205,20000000,spv,10%,1%
sell,"Jan 13, 2024",209,5000000,spv,10%,1.50%
sell,"Jan 15, 2024",209,5000000,spv,0,0
buy,"Jan 15, 2024",205,50000,direct,null,null
buy,"Jan 15, 2024",205,50000,forward,null,null
buy,"Jan 16, 2024",219,5000000,spv,null,null
buy,"Jan 17, 2024",209,500000,direct,null,null
buy,"Jan 17, 2024",209,3000000,spv,0,0
sell,"Jan 17, 2024",207,1000000,spv,0,0
sell,"Jan 17, 2024",205,30000000,spv,null,null
sell,"Jan 18, 2024",218.6,1000000,spv,0,0
buy,"Jan 18, 2024",209.5,1000000,direct,null,null
buy,"Jan 18, 2024",209.5,1000000,spv,0,0
sell,"Jan 18, 2024",209,2000000,spv,10%,0
buy,"Jan 18, 2024",209,5000000,direct,null,null
buy,"Jan 18, 2024",209,5000000,spv,0,0
sell,"Jan 21, 2024",211,20000000,spv,10%,0
sell,"Jan 22, 2024",205,20000000,spv,10%,1%
sell,"Jan 23, 2024",220.64,5000000,spv,0,0
sell,"Jan 23, 2024",208.4,5000000,spv,10%,0
sell,"Jan 25, 2024",209,5000000,spv,10%,1%
buy,"Jan 25, 2024",205,50000,direct,null,null
buy,"Jan 25, 2024",205,50000,forward,null,null
buy,"Jan 26, 2024",219,250000,unspecified,null,null
buy,"Jan 27, 2024",215,50000,direct,null,null
buy,"Jan 27, 2024",215,50000,forward,null,null
buy,"Jan 27, 2024",215,50000,spv,5%,5%
buy,"Jan 27, 2024",189,500000,direct,null,null
buy,"Jan 30, 2024",215,750000,direct,null,null
buy,"Jan 30, 2024",215,750000,unspecified,null,null
buy,"Jan 30, 2024",208,2000000,direct,null,null
buy,"Jan 30, 2024",208,2000000,spv,0,0
sell,"Jan 31, 2024",220.78,5000000,spv,0,0
sell,"Jan 31, 2024",208.4,5000000,spv,10%,0
buy,"Feb 2, 2024",209,2000000,direct,null,null
buy,"Feb 2, 2024",209,2000000,spv,0,0
buy,"Feb 5, 2024",225,500000,unspecified,null,null
buy,"Feb 5, 2024",225,500000,unspecified,null,null
buy,"Feb 5, 2024",225,250000,unspecified,null,null
buy,"Feb 5, 2024",225,250000,unspecified,null,null
buy,"Feb 5, 2024",225,250000,unspecified,null,null
buy,"Feb 5, 2024",225,250000,unspecified,null,null
buy,"Feb 5, 2024",219,250000,unspecified,null,null
buy,"Feb 5, 2024",219,250000,unspecified,null,null
buy,"Feb 5, 2024",215,250000,unspecified,null,null
buy,"Feb 5, 2024",215,250000,unspecified,null,null
buy,"Feb 5, 2024",209,500000,direct,null,null
sell,"Feb 5, 2024",209,5000000,spv,10%,1%
buy,"Feb 5, 2024",205,50000,direct,null,null
buy,"Feb 5, 2024",205,50000,forward,null,null
sell,"Feb 6, 2024",221.62,10000000,spv,0,0
buy,"Feb 6, 2024",215,50000,direct,null,null
buy,"Feb 6, 2024",215,50000,forward,null,null
buy,"Feb 6, 2024",215,50000,spv,5%,5%
buy,"Feb 6, 2024",209,10000000,spv,0,0
sell,"Feb 6, 2024",209,5000000,spv,0,0
sell,"Feb 7, 2024",222.58,2000000,spv,0,0
sell,"Feb 7, 2024",208.4,5000000,spv,10%,0
sell,"Feb 7, 2024",195,5000000,spv,20%,0
sell,"Feb 8, 2024",169,10000000,spv,20%,2%
sell,"Feb 11, 2024",199.32,30000000,spv,10%,0
sell,"Feb 12, 2024",199.32,30000000,spv,10%,0
sell,"Feb 13, 2024",221.62,10000000,spv,0,0
sell,"Feb 14, 2024",221.62,10000000,spv,0,0
sell,"Feb 16, 2024",209,5000000,spv,0,0
buy,"Feb 16, 2024",208,2000000,direct,null,null
buy,"Feb 16, 2024",208,2000000,spv,0,0
buy,"Feb 18, 2024",229,800000,unspecified,null,null
buy,"Feb 18, 2024",223,2000000,unspecified,null,null
buy,"Feb 19, 2024",215,50000,direct,null,null
buy,"Feb 19, 2024",215,50000,forward,null,null
buy,"Feb 19, 2024",215,50000,spv,5%,5%
sell,"Feb 20, 2024",208.4,5000000,spv,10%,0
sell,"Feb 20, 2024",195,5000000,spv,20%,0
sell,"Feb 22, 2024",222.58,2000000,spv,0,0
sell,"Feb 22, 2024",209,1000000,spv,0,0
sell,"Feb 22, 2024",209,1000000,spv,0,0
buy,"Feb 22, 2024",209,2000000,direct,null,null
buy,"Feb 22, 2024",209,2000000,spv,0,0
sell,"Feb 22, 2024",199,275000,spv,20%,2%
sell,"Feb 26, 2024",209,5000000,spv,0,0
buy,"Feb 27, 2024",209,5000000,spv,0,0
buy,"Feb 27, 2024",209,500000,spv,0,0
buy,"Mar 1, 2024",215,50000,direct,null,null
buy,"Mar 1, 2024",215,50000,forward,null,null
buy,"Mar 1, 2024",215,50000,spv,5%,5%
buy,"Mar 4, 2024",209,2000000,direct,null,null
buy,"Mar 4, 2024",209,2000000,spv,0,0
sell,"Mar 6, 2024",209,5000000,spv,10%,1%
sell,"Mar 6, 2024",208.4,5000000,spv,10%,0
buy,"Mar 8, 2024",209,10000000,spv,0,0
sell,"Mar 12, 2024",220,10000000,spv,0,0
buy,"Mar 12, 2024",215,50000,direct,null,null
buy,"Mar 12, 2024",215,50000,forward,null,null
buy,"Mar 12, 2024",215,50000,spv,5%,5%
sell,"Mar 13, 2024",221,750000,spv,0,0
buy,"Mar 14, 2024",209,5000000,spv,0,0
sell,"Mar 15, 2024",216.76,10000000,spv,0,0
sell,"Mar 15, 2024",209,5000000,spv,0,0
buy,"Mar 19, 2024",209,2000000,direct,null,null
buy,"Mar 19, 2024",209,2000000,spv,0,0
sell,"Mar 20, 2024",212,2000000,spv,10%,1%
buy,"Mar 23, 2024",215,50000,direct,null,null
buy,"Mar 23, 2024",215,50000,forward,null,null
buy,"Mar 23, 2024",215,50000,spv,5%,5%
buy,"Mar 27, 2024",209,5000000,spv,0,0
sell,"Mar 31, 2024",216.76,500000,spv,0,0
sell,"Apr 1, 2024",223,5000000,spv,0,0
sell,"Apr 2, 2024",221,1000000,spv,0,0
buy,"Apr 2, 2024",209,2000000,direct,null,null
buy,"Apr 2, 2024",209,2000000,spv,0,0
sell,"Apr 3, 2024",219,1000000,spv,0,0
buy,"Apr 3, 2024",215,50000,direct,null,null
buy,"Apr 3, 2024",215,50000,forward,null,null
buy,"Apr 3, 2024",215,50000,spv,5%,5%
sell,"Apr 3, 2024",197,5000000,spv,10%,1%
buy,"Apr 4, 2024",219,20000000,direct,null,null
buy,"Apr 4, 2024",219,20000000,spv,0,0
sell,"Apr 6, 2024",209,5000000,spv,0,0
buy,"Apr 9, 2024",209,5000000,spv,0,0
buy,"Apr 11, 2024",209,2000000,direct,null,null
buy,"Apr 11, 2024",209,2000000,spv,0,0
buy,"Apr 13, 2024",215,50000,direct,null,null
buy,"Apr 13, 2024",215,50000,forward,null,null
buy,"Apr 13, 2024",215,50000,spv,5%,5%
sell,"Apr 14, 2024",219,1000000,spv,0,0
sell,"Apr 21, 2024",223,5000000,spv,0,0
sell,"Apr 21, 2024",217,3000000,spv,0,0
buy,"Apr 22, 2024",209,2000000,direct,null,null
buy,"Apr 22, 2024",209,2000000,spv,0,0
sell,"Apr 24, 2024",219,1000000,spv,0,0
buy,"Apr 24, 2024",215,50000,direct,null,null
buy,"Apr 24, 2024",215,50000,forward,null,null
buy,"Apr 24, 2024",215,50000,spv,5%,5%
sell,"May 2, 2024",213,10000000,spv,0,0
buy,"May 2, 2024",209,2000000,direct,null,null
buy,"May 2, 2024",209,2000000,spv,0,0
buy,"May 3, 2024",null,50000,spv,5%,5%
buy,"May 3, 2024",215,50000,direct,null,null
buy,"May 3, 2024",215,50000,forward,null,null
sell,"May 13, 2024",213,10000000,spv,0,0
buy,"May 13, 2024",209,2000000,direct,null,null
buy,"May 13, 2024",209,2000000,spv,0,0
buy,"May 14, 2024",209,2000000,direct,null,null
buy,"May 14, 2024",209,2000000,spv,0,0
buy,"May 20, 2024",209,2000000,direct,null,null
buy,"May 20, 2024",209,2000000,spv,0,0
buy,"May 27, 2024",209,2000000,direct,null,null
buy,"May 27, 2024",209,2000000,spv,0,0
sell,"May 28, 2024",229,1000000,spv,0,1%
sell,"May 30, 2024",205,5000000,spv,10%,1%
sell,"May 31, 2024",187,5000000,spv,20%,2%
sell,"May 31, 2024",175,150000,spv,20%,2%
buy,"Jun 2, 2024",null,50000,direct,null,null
buy,"Jun 2, 2024",235,50000,forward,null,null
buy,"Jun 2, 2024",235,50000,spv,5%,5%
buy,"Jun 3, 2024",209,2000000,direct,null,null
buy,"Jun 3, 2024",209,2000000,spv,0,0
sell,"Jun 5, 2024",null,1000000,spv,0,1%
sell,"Jun 5, 2024",223,1000000,spv,0,1%
buy,"Jun 10, 2024",209,2000000,direct,null,null
buy,"Jun 10, 2024",209,2000000,spv,0,0
buy,"Jun 19, 2024",235,50000,direct,null,null
buy,"Jun 19, 2024",235,50000,forward,null,null
buy,"Jun 19, 2024",235,50000,spv,5%,5%
sell,"Jun 20, 2024",233,1000000,spv,0,1%
buy,"Jun 24, 2024",209,2000000,direct,null,null
buy,"Jun 24, 2024",209,2000000,spv,0,0
buy,"Jun 25, 2024",233,200000,spv,null,null
sell,"Jun 27, 2024",235,75000,spv,20%,0
buy,"Jun 30, 2024",235,50000,direct,null,null
buy,"Jun 30, 2024",235,50000,forward,null,null
buy,"Jun 30, 2024",235,50000,spv,5%,5%
sell,"Jul 2, 2024",250,500000,spv,0,0
sell,"Jul 3, 2024",239,1000000,spv,0,1%
sell,"Jul 4, 2024",239,1000000,spv,10%,2%
sell,"Jul 7, 2024",239,3000000,spv,0,0
buy,"Jul 8, 2024",209,2000000,direct,null,null
buy,"Jul 8, 2024",209,2000000,spv,0,0
buy,"Jul 8, 2024",209,2000000,direct,null,null
buy,"Jul 8, 2024",209,2000000,spv,0,0
buy,"Jul 8, 2024",209,2000000,direct,null,null
buy,"Jul 8, 2024",209,2000000,spv,0,0
buy,"Jul 9, 2024",null,25000,direct,null,null
buy,"Jul 9, 2024",null,25000,spv,20%,2%
sell,"Jul 9, 2024",235,75000,spv,20%,0
buy,"Jul 12, 2024",245,10000000,spv,0,0
sell,"Jul 15, 2024",239,1000000,spv,0,1%
sell,"Jul 17, 2024",248,10000000,spv,15%,1%
sell,"Jul 17, 2024",245,10000000,spv,15%,1%
sell,"Jul 17, 2024",239,2000000,spv,10%,1%
sell,"Jul 18, 2024",239,10000000,spv,15%,0
sell,"Jul 18, 2024",239,10000000,spv,10%,1%
buy,"Jul 22, 2024",209,2000000,direct,null,null
buy,"Jul 22, 2024",209,2000000,spv,0,0
sell,"Jul 23, 2024",205,2000000,spv,20%,2%
sell,"Jul 24, 2024",252.44,5000000,spv,0,0
sell,"Jul 24, 2024",239,5000000,spv,0,0
sell,"Jul 27, 2024",249,800000,spv,0,0
buy,"Jul 29, 2024",209,2000000,direct,null,null
buy,"Jul 29, 2024",209,2000000,spv,0,0
sell,"Jul 31, 2024",239,2000000,spv,10%,1%
buy,"Aug 1, 2024",239,50000000,spv,0,0
buy,"Aug 5, 2024",209,2000000,direct,null,null
buy,"Aug 5, 2024",209,2000000,spv,0,0
sell,"Aug 6, 2024",243.48,3000000,spv,15%,0
sell,"Aug 9, 2024",265,1000000,spv,0,0
buy,"Aug 11, 2024",245,100000000,spv,0,0
buy,"Aug 12, 2024",245,100000000,direct,null,null
buy,"Aug 12, 2024",245,100000000,spv,0,0
sell,"Aug 12, 2024",239,3000000,spv,10%,1%
buy,"Aug 12, 2024",209,2000000,direct,null,null
buy,"Aug 12, 2024",209,2000000,spv,0,0
sell,"Aug 13, 2024",235,165000,spv,20%,0
sell,"Aug 19, 2024",235,5000000,spv,10%,1%
buy,"Aug 19, 2024",209,2000000,direct,null,null
buy,"Aug 19, 2024",209,2000000,spv,0,0
buy,"Aug 20, 2024",235,10000000,direct,null,null
buy,"Aug 20, 2024",235,10000000,spv,5%,null
sell,"Aug 21, 2024",231,100000,spv,20%,0
buy,"Aug 26, 2024",255,2000000,spv,0,0
buy,"Aug 26, 2024",209,2000000,direct,null,null
buy,"Aug 26, 2024",209,2000000,spv,0,0
buy,"Sep 2, 2024",209,2000000,direct,null,null
buy,"Sep 2, 2024",209,2000000,spv,0,0
sell,"Sep 3, 2024",265,5000000,spv,0,0
buy,"Sep 4, 2024",247,50000000,direct,null,null
buy,"Sep 4, 2024",247,50000000,spv,0,0
sell,"Sep 6, 2024",235,110000,spv,20%,0
buy,"Sep 9, 2024",209,2000000,direct,null,null
buy,"Sep 9, 2024",209,2000000,spv,0,0
buy,"Sep 10, 2024",235,150000,direct,null,null
buy,"Sep 10, 2024",235,150000,spv,10%,1%
sell,"Sep 12, 2024",275,222300,spv,0,0
buy,"Sep 13, 2024",239,250000,direct,null,null
buy,"Sep 13, 2024",239,250000,spv,10%,0
buy,"Sep 16, 2024",209,2000000,direct,null,null
buy,"Sep 16, 2024",209,2000000,spv,0,0
buy,"Sep 23, 2024",209,2000000,direct,null,null
buy,"Sep 23, 2024",209,2000000,spv,0,0
sell,"Sep 24, 2024",275,222300,spv,0,0
buy,"Sep 30, 2024",209,2000000,direct,null,null
buy,"Sep 30, 2024",209,2000000,spv,0,0
buy,"Oct 4, 2024",257,2000000,spv,0,0
buy,"Oct 4, 2024",239,10000000,spv,10%,0
sell,"Oct 10, 2024",265,5000000,spv,0,0
buy,"Oct 10, 2024",261,5000000,spv,0,0
buy,"Oct 14, 2024",257,2000000,spv,0,0
buy,"Oct 14, 2024",239,10000000,spv,10%,0
buy,"Oct 14, 2024",209,2000000,direct,null,null
buy,"Oct 14, 2024",209,2000000,spv,0,0
sell,"Oct 15, 2024",271,250000,spv,0,0
sell,"Oct 17, 2024",239,15000000,spv,10%,1%
buy,"Oct 21, 2024",215,2000000,direct,null,null
buy,"Oct 21, 2024",215,2000000,spv,0,0
buy,"Oct 22, 2024",245,2500000,spv,0,0
sell,"Oct 23, 2024",271,1000000,spv,0,0
sell,"Oct 23, 2024",259,500000,spv,10%,0
sell,"Oct 28, 2024",259,500000,spv,10%,null
buy,"Oct 28, 2024",215,2000000,direct,null,null
buy,"Oct 28, 2024",215,2000000,spv,0,0
sell,"Oct 31, 2024",273,1000000,spv,null,null
sell,"Nov 1, 2024",265,5000000,spv,null,null
buy,"Nov 4, 2024",215,2000000,direct,null,null
buy,"Nov 4, 2024",215,2000000,spv,0,0
buy,"Nov 5, 2024",255,3000000,spv,0,0
sell,"Nov 5, 2024",254.9,5000000,spv,0,0
sell,"Nov 6, 2024",275,1000000,spv,null,null
sell,"Nov 6, 2024",275,1000000,spv,null,null
sell,"Nov 6, 2024",261,500000,spv,10%,null
sell,"Nov 6, 2024",261,500000,spv,10%,null
buy,"Nov 6, 2024",239,50000000,spv,10%,1%
buy,"Nov 6, 2024",239,50000000,spv,10%,1%
buy,"Nov 8, 2024",263.64,5000000,spv,0,0
sell,"Nov 8, 2024",259,2000000,spv,17.50%,1%
buy,"Nov 10, 2024",265,250000,direct,null,null
buy,"Nov 10, 2024",265,250000,spv,0,0
buy,"Nov 11, 2024",239,2000000,direct,null,null
buy,"Nov 11, 2024",239,2000000,spv,0,0
sell,"Nov 16, 2024",239,5000000,spv,20%,1%
buy,"Nov 17, 2024",275,1000000,direct,null,null
buy,"Nov 17, 2024",275,1000000,spv,20%,2%
buy,"Nov 18, 2024",239,2000000,direct,null,null
buy,"Nov 18, 2024",239,2000000,spv,0,0
buy,"Nov 25, 2024",253,2000000,direct,null,null
buy,"Nov 25, 2024",253,2000000,spv,0,0
buy,"Dec 2, 2024",253,2000000,direct,null,null
buy,"Dec 2, 2024",253,2000000,spv,0,0
sell,"Dec 9, 2024",455,3000000,spv,10%,0
buy,"Dec 9, 2024",253,2000000,direct,null,null
buy,"Dec 9, 2024",253,2000000,spv,0,0
buy,"Dec 11, 2024",405,10000000,spv,10%,0
buy,"Dec 11, 2024",375,2000000,direct,null,null
buy,"Dec 11, 2024",375,2000000,spv,0,0
buy,"Dec 11, 2024",275,2000000,direct,null,null
buy,"Dec 11, 2024",275,2000000,spv,0,0
sell,"Dec 15, 2024",425,345015,spv,15%,0
sell,"Dec 19, 2024",485,85000000,spv,0,0
sell,"Dec 23, 2024",495,10000000,spv,10%,0
buy,"Dec 23, 2024",385,2000000,direct,null,null
buy,"Dec 23, 2024",385,2000000,spv,0,0
buy,"Dec 30, 2024",385,2000000,direct,null,null
buy,"Dec 30, 2024",385,2000000,spv,0,0
buy,"Jan 3, 2025",425,232880,spv,15%,0
sell,"Jan 6, 2025",385,100000,spv,15%,0.50%
sell,"Jan 6, 2025",385,100000,spv,15%,0.50%
buy,"Jan 6, 2025",385,2000000,direct,null,null
buy,"Jan 6, 2025",385,2000000,spv,0,0
sell,"Jan 8, 2025",495,403920,spv,15%,0
sell,"Jan 10, 2025",385,10000000,spv,10%,1%
sell,"Jan 11, 2025",485,100000,spv,10%,0
sell,"Jan 11, 2025",485,100000,spv,10%,0
sell,"Jan 13, 2025",425,100000,spv,15%,0
buy,"Jan 13, 2025",389,3000000,spv,0,6%
buy,"Jan 13, 2025",385,2000000,direct,null,null
buy,"Jan 13, 2025",385,2000000,spv,0,0
buy,"Jan 14, 2025",389,1000000,spv,10%,1%
buy,"Jan 14, 2025",385,1000000,direct,null,null
buy,"Jan 14, 2025",385,1000000,spv,0,5%
sell,"Jan 17, 2025",457.9,1000000,spv,20%,0
sell,"Jan 20, 2025",404,7780000,spv,20%,1%
buy,"Jan 20, 2025",385,2000000,direct,null,null
buy,"Jan 20, 2025",385,2000000,spv,0,0
buy,"Jan 21, 2025",425,300000,spv,0,0
sell,"Jan 22, 2025",485,100000,spv,10%,0
sell,"Jan 22, 2025",485,3000000,spv,0,0
buy,"Jan 27, 2025",385,2000000,direct,null,null
buy,"Jan 27, 2025",385,2000000,spv,0,0
buy,"Jan 28, 2025",455,9600000,spv,0,1%
sell,"Jan 28, 2025",425,100000,spv,15%,0
sell,"Jan 29, 2025",475,100000,spv,10%,0
sell,"Jan 29, 2025",465,100000,spv,10%,0
sell,"Jan 29, 2025",465,100000,spv,10%,0
sell,"Feb 3, 2025",465,3000000,spv,0,0
sell,"Feb 3, 2025",445,100000,spv,10%,0
sell,"Feb 3, 2025",425,100000,spv,15%,0
buy,"Feb 3, 2025",385,2000000,direct,null,null
buy,"Feb 3, 2025",385,2000000,spv,0,0
buy,"Feb 10, 2025",385,2000000,direct,null,null
buy,"Feb 10, 2025",385,2000000,spv,0,0
sell,"Feb 13, 2025",447.9,5000000,spv,0,0
sell,"Feb 17, 2025",465,1000000,spv,0,0
sell,"Feb 17, 2025",445,100000,spv,10%,0
buy,"Feb 17, 2025",385,2000000,direct,null,null
buy,"Feb 17, 2025",385,2000000,spv,0,0
sell,"Feb 18, 2025",385,5000000,spv,10%,1%
buy,"Feb 19, 2025",415,5000000,direct,null,null
buy,"Feb 19, 2025",415,5000000,spv,0,0
buy,"Feb 19, 2025",385,3000000,direct,null,null
buy,"Feb 19, 2025",385,3000000,spv,0,0
buy,"Feb 19, 2025",385,3000000,direct,null,null
buy,"Feb 19, 2025",385,3000000,spv,null,null
sell,"Feb 24, 2025",455,5000000,spv,10%,0
buy,"Feb 24, 2025",385,2000000,direct,null,null
buy,"Feb 24, 2025",385,2000000,spv,0,0